epoch_s	power_w	temp_c	util_pct	gfx_clock_mhz	throttle	vram_mib	mem_available_kb	swap_total_kb	swap_free_kb
1789669956	21.39	31	0	210	0x0000000000000001	20882	52134084	8388604	6482008
1789669958	21.37	31	0	210	0x0000000000000001	20882	51782956	8388604	6402016
1789669960	22.85	32	0	210	0x0000000000000001	20882	51784148	8388604	6218596
1789669962	21.41	31	0	210	0x0000000000000001	20882	51751968	8388604	6122728
1789669964	21.55	31	0	210	0x0000000000000001	20882	51715348	8388604	6051652
1789669966	28.48	31	0	210	0x0000000000000001	20882	51701628	8388604	5966616
1789669968	22.66	31	0	210	0x0000000000000001	20882	51950580	8388604	6482008
1789669970	21.38	30	0	210	0x0000000000000001	20882	51756888	8388604	6363412
1789669972	21.30	30	0	210	0x0000000000000001	20882	51780764	8388604	6177900
1789669974	28.68	31	0	210	0x0000000000000001	20882	51764996	8388604	6162264
1789669976	21.47	30	0	210	0x0000000000000001	20882	51780880	8388604	6144340
1789669978	21.36	30	0	210	0x0000000000000001	20882	51735504	8388604	6115916
1789669980	24.80	30	0	210	0x0000000000000001	20882	51747420	8388604	6048236
1789669982	22.05	30	0	210	0x0000000000000001	20882	52221928	8388604	6482008
1789669984	21.07	30	0	210	0x0000000000000001	20882	51794372	8388604	6432752
1789669986	21.13	30	0	210	0x0000000000000001	20882	51776892	8388604	6273228
1789669988	29.04	30	0	210	0x0000000000000001	20882	51738168	8388604	6142124
1789669990	21.52	30	0	210	0x0000000000000001	20882	51703704	8388604	6055484
1789669992	21.18	30	0	210	0x0000000000000004	20882	52212720	8388604	6482008
1789669994	143.35	40	100	1785	0x0000000000000004	20904	51709692	8388604	6422192
1789669996	173.68	40	100	1725	0x0000000000000004	20904	51632872	8388604	6302604
1789669998	331.41	41	98	1965	0x0000000000000004	20910	51605052	8388604	6187496
1789670000	284.12	42	97	1740	0x0000000000000004	20912	51606252	8388604	6136376
1789670002	347.93	43	99	1725	0x0000000000000004	20914	51580556	8388604	6103524
1789670004	158.92	42	0	1860	0x0000000000000000	21174	51549368	8388604	6088432
1789670006	349.18	44	96	1725	0x0000000000000004	21174	51613592	8388604	5998492
1789670008	348.47	44	95	1740	0x0000000000000004	21174	51980388	8388604	6482008
1789670010	349.32	45	98	1725	0x0000000000000004	21174	51666244	8388604	6393044
1789670012	348.66	46	100	1725	0x0000000000000004	21174	51629976	8388604	6211644
1789670015	348.50	46	98	1725	0x0000000000000004	21174	51647160	8388604	6080692
1789670017	348.85	46	98	1725	0x0000000000000004	21174	51644120	8388604	6043272
1789670019	347.70	47	98	1710	0x0000000000000004	21174	51647416	8388604	5991796
1789670021	348.61	47	98	1710	0x0000000000000004	21174	51667288	8388604	5986076
1789670023	348.00	47	97	1710	0x0000000000000004	21174	51973188	8388604	6482000
1789670025	348.44	48	97	1710	0x0000000000000004	21174	51667192	8388604	6368576
1789670027	347.70	48	98	1710	0x0000000000000004	21174	51624724	8388604	6235968
1789670029	348.60	49	99	1710	0x0000000000000004	21174	51608992	8388604	6160628
1789670031	349.08	49	97	1725	0x0000000000000004	21174	51634020	8388604	6129296
1789670033	348.55	50	97	1725	0x0000000000000004	21174	51647968	8388604	6102108
1789670035	347.79	50	98	1680	0x0000000000000004	21174	51658776	8388604	6072548
1789670037	348.26	50	97	1725	0x0000000000000004	21174	51648432	8388604	6008892
1789670039	348.00	50	98	1710	0x0000000000000004	21174	51991832	8388604	6482004
1789670041	348.75	51	98	1710	0x0000000000000004	21174	51632824	8388604	6351816
1789670043	347.75	51	98	1710	0x0000000000000004	21176	51628372	8388604	6172184
1789670045	346.47	51	98	1815	0x0000000000000004	21176	51620076	8388604	6118988
1789670047	347.65	52	99	1710	0x0000000000000004	21176	51626108	8388604	6032140
1789670049	347.98	52	97	1725	0x0000000000000004	21176	52073664	8388604	6482004
1789670051	348.68	52	98	1740	0x0000000000000004	21176	51690052	8388604	6389500
1789670053	347.19	52	97	1725	0x0000000000000004	21176	51678856	8388604	6214256
1789670055	348.77	53	95	1710	0x0000000000000004	21176	51695012	8388604	6149596
1789670057	346.18	53	96	1785	0x0000000000000004	21176	51660244	8388604	6082620
1789670059	348.86	53	95	1710	0x0000000000000004	21176	51631828	8388604	5973184
1789670061	347.38	54	98	1725	0x0000000000000004	21176	52019796	8388604	6482004
1789670063	348.12	54	99	1710	0x0000000000000004	21176	51686884	8388604	6381688
1789670065	347.53	54	98	1800	0x0000000000000004	21176	51650912	8388604	6173844
1789670067	348.53	54	98	1710	0x0000000000000004	21176	51618944	8388604	6115904
1789670069	348.17	55	99	1725	0x0000000000000004	21176	51651420	8388604	6062180
1789670071	348.47	55	99	1650	0x0000000000000004	21176	52129352	8388604	6482004
1789670073	347.82	55	98	1710	0x0000000000000004	21176	51646028	8388604	6419756
1789670075	347.61	55	98	1710	0x0000000000000004	21176	51633936	8388604	6209172
1789670077	348.37	55	98	1710	0x0000000000000004	21176	51600736	8388604	6156452
1789670079	348.07	55	97	1710	0x0000000000000004	21176	51616808	8388604	6090804
1789670081	348.83	56	98	1710	0x0000000000000004	21176	51623052	8388604	6034184
1789670083	348.69	56	98	1710	0x0000000000000004	21176	51611688	8388604	5970972
1789670085	348.28	56	95	1725	0x0000000000000004	21176	51656088	8388604	6475708
1789670087	348.58	56	98	1710	0x0000000000000004	21176	51661508	8388604	6343940
1789670089	348.29	57	97	1695	0x0000000000000004	21176	51616228	8388604	6171404
1789670091	347.85	57	98	1710	0x0000000000000004	21176	51584864	8388604	6090936
1789670093	348.78	57	98	1710	0x0000000000000004	21176	51599852	8388604	5995564
1789670095	348.20	57	97	1725	0x0000000000000004	21176	51878424	8388604	6482004
1789670097	348.71	57	98	1710	0x0000000000000004	21176	51553836	8388604	6321796
1789670099	348.24	57	97	1695	0x0000000000000004	21176	51551820	8388604	6210796
1789670102	348.23	58	97	1710	0x0000000000000004	21176	51500584	8388604	6155252
1789670104	348.12	58	97	1695	0x0000000000000004	21176	51508444	8388604	6084524
1789670106	348.34	58	99	1710	0x0000000000000004	21176	51613836	8388604	5960080
1789670108	348.39	58	97	1710	0x0000000000000004	21176	51715552	8388604	6482008
1789670110	348.23	58	98	1695	0x0000000000000004	21176	51689556	8388604	6319348
1789670112	348.62	58	98	1710	0x0000000000000004	21176	51672628	8388604	6154804
1789670114	348.89	58	99	1695	0x0000000000000004	21176	51624120	8388604	6069660
1789670116	348.23	59	99	1710	0x0000000000000004	21176	52104800	8388604	6482008
1789670118	348.20	58	99	1695	0x0000000000000004	21176	51679676	8388604	6395896
1789670120	347.88	59	97	1665	0x0000000000000004	21176	51650188	8388604	6159252
1789670122	349.45	59	98	1695	0x0000000000000004	21176	51991528	8388604	6482008
1789670124	348.59	59	98	1695	0x0000000000000004	21176	51600340	8388604	6402784
1789670126	346.88	59	97	1695	0x0000000000000004	21176	51599892	8388604	6309076
1789670128	348.90	59	98	1710	0x0000000000000004	21176	51572480	8388604	6195780
1789670130	348.83	59	98	1695	0x0000000000000004	21176	51520492	8388604	6106332
1789670132	348.57	59	98	1695	0x0000000000000004	21176	51581448	8388604	5984176
1789670134	348.35	59	97	1695	0x0000000000000004	21176	51750328	8388604	6482008
1789670136	346.97	59	98	1830	0x0000000000000004	21176	51646352	8388604	6302404
1789670138	349.51	59	97	1695	0x0000000000000004	21176	51600828	8388604	6150148
1789670140	167.49	54	0	1965	0x0000000000000000	21176	51601028	8388604	6103012
1789670142	350.25	58	99	1695	0x0000000000000004	21176	51581256	8388604	6012864
1789670144	349.09	58	98	1695	0x0000000000000004	21176	51970984	8388604	6481988
1789670146	309.89	54	94	1965	0x0000000000000004	21176	51586476	8388604	6403716
1789670148	189.89	57	99	1695	0x0000000000000000	21176	51641292	8388604	6243832
1789670150	236.79	53	0	1875	0x0000000000000004	21176	51583256	8388604	6169184
1789670152	275.26	53	91	1965	0x0000000000000004	21176	51598612	8388604	6093868
1789670154	346.96	57	99	1680	0x0000000000000004	21176	51611784	8388604	6046760
1789670156	204.12	57	0	1695	0x0000000000000000	21176	51633244	8388604	5963016
1789670158	332.29	54	96	1965	0x0000000000000004	21176	51661024	8388604	6472404
1789670160	189.14	56	100	1890	0x0000000000000004	21176	51579036	8388604	6367584
1789670162	348.45	56	98	1710	0x0000000000000004	21176	51578188	8388604	6213832
1789670164	208.93	52	0	1980	0x0000000000000000	21176	51568640	8388604	6104020
1789670166	240.82	52	0	1980	0x0000000000000000	21176	51588876	8388604	5978616
1789670168	346.41	57	98	1695	0x0000000000000004	21176	51649264	8388604	6456244
1789670170	165.31	52	0	1980	0x0000000000000000	21176	51607532	8388604	6379068
1789670172	348.49	56	98	1725	0x0000000000000004	21176	51619820	8388604	6240256
1789670174	192.16	52	0	1935	0x0000000000000000	21176	51583348	8388604	6149032
1789670176	188.86	56	98	1710	0x0000000000000004	21176	51622564	8388604	6066892
1789670178	348.59	56	98	1710	0x0000000000000004	21176	51655868	8388604	5958320
1789670180	320.75	54	97	1980	0x0000000000000004	21176	51639168	8388604	6481988
1789670182	175.26	56	100	1710	0x0000000000000000	21176	51518496	8388604	6353940
1789670184	313.07	53	98	1980	0x0000000000000004	21176	51555992	8388604	6265108
1789670186	220.53	56	100	1710	0x0000000000000000	21176	51575580	8388604	6185996
1789670188	250.10	53	0	1980	0x0000000000000004	21176	51586652	8388604	6154672
1789670191	220.91	54	0	1785	0x0000000000000000	21176	51579132	8388604	6083016
1789670193	223.69	57	0	1710	0x0000000000000000	21176	51585468	8388604	6050660
1789670195	184.18	55	0	1755	0x0000000000000000	21176	51601716	8388604	5957820
1789670197	275.52	57	100	1710	0x0000000000000004	21196	51682664	8388604	6475552
1789670199	349.37	58	95	1710	0x0000000000000004	21196	51688288	8388604	6359904
1789670201	208.23	53	0	1845	0x0000000000000000	21196	51642456	8388604	6176884
1789670203	348.02	58	97	1695	0x0000000000000004	21196	51571572	8388604	6129008
1789670205	264.78	58	100	1875	0x0000000000000004	21196	51602188	8388604	6061272
1789670207	268.17	54	0	1965	0x0000000000000000	21196	52009504	8388604	6481992
1789670209	345.82	58	99	1695	0x0000000000000004	21196	51660356	8388604	6352492
1789670211	200.45	55	0	1965	0x0000000000000000	21196	51614368	8388604	6165256
1789670213	348.14	59	98	1725	0x0000000000000004	21196	51577848	8388604	6081724
1789670215	201.99	58	100	1695	0x0000000000000004	21196	51569036	8388604	6008416
1789670217	348.83	59	93	1845	0x0000000000000004	21196	51998660	8388604	6481996
1789670219	264.91	58	97	1695	0x0000000000000004	21196	51637972	8388604	6396380
1789670221	349.12	59	97	1695	0x0000000000000004	21196	51614672	8388604	6268700
1789670223	166.59	55	0	1965	0x0000000000000000	21196	51608492	8388604	6148820
1789670225	346.07	59	98	1665	0x0000000000000004	21196	51559772	8388604	6086380
1789670227	250.30	55	0	1965	0x0000000000000004	21196	51556288	8388604	6070012
1789670229	346.74	59	98	1680	0x0000000000000004	21196	51600088	8388604	6044892
1789670231	334.06	57	99	1905	0x0000000000000004	21196	51607124	8388604	6016508
1789670233	241.47	59	0	1830	0x0000000000000000	21196	52094408	8388604	6481996
1789670235	301.62	59	98	1515	0x0000000000000004	21196	51523592	8388604	6389500
1789670237	210.97	59	0	1875	0x0000000000000000	21196	51548092	8388604	6148456
1789670239	239.39	55	0	1965	0x0000000000000004	21196	51564900	8388604	5985244
1789670241	349.27	59	97	1710	0x0000000000000004	21196	51502304	8388604	6479280
1789670243	349.22	59	99	1695	0x0000000000000004	21196	51456860	8388604	6325592
1789670245	349.37	60	98	1680	0x0000000000000004	21196	51446424	8388604	6175796
1789670247	348.31	60	96	1665	0x0000000000000004	21196	51417932	8388604	6077840
1789670249	198.67	60	100	1860	0x0000000000000004	21196	51448268	8388604	6012616
1789670251	349.50	60	97	1680	0x0000000000000004	21196	51718960	8388604	6482000
1789670253	230.01	56	0	1875	0x0000000000000000	21196	51498624	8388604	6330308
1789670255	160.30	58	100	1695	0x0000000000000000	21196	51464776	8388604	6235156
1789670257	231.74	59	98	1710	0x0000000000000004	21196	51465264	8388604	6121696
1789670259	192.26	59	100	1680	0x0000000000000004	21196	51458500	8388604	6064392
1789670261	349.35	59	98	1695	0x0000000000000004	21196	51967460	8388604	6482000
1789670263	348.92	59	97	1680	0x0000000000000004	21196	51516356	8388604	6396616
1789670265	200.16	59	100	1845	0x0000000000000004	21196	51480832	8388604	6234668
1789670267	349.14	59	97	1695	0x0000000000000004	21196	51465328	8388604	6129320
1789670269	315.93	58	99	1665	0x0000000000000004	21196	51496980	8388604	6076748
1789670271	322.10	57	98	1965	0x0000000000000004	21196	51484728	8388604	6057124
1789670273	349.56	59	97	1710	0x0000000000000004	21196	51494500	8388604	6001360
1789670275	349.27	59	98	1695	0x0000000000000004	21196	51457736	8388604	6003376
1789670277	349.10	59	98	1710	0x0000000000000004	21196	52005604	8388604	6482000
1789670280	348.55	59	96	1680	0x0000000000000004	21196	51506384	8388604	6418540
1789670282	300.35	57	0	1965	0x0000000000000004	21196	51515452	8388604	6237464
1789670284	351.80	59	98	1695	0x0000000000000004	21196	51482452	8388604	6159428
1789670286	349.35	59	98	1680	0x0000000000000004	21196	51495100	8388604	6107176
1789670288	348.95	59	99	1695	0x0000000000000004	21196	51479432	8388604	6072732
1789670290	348.75	59	98	1695	0x0000000000000004	21196	51951296	8388604	6482000
1789670292	348.89	59	98	1695	0x0000000000000004	21196	51525188	8388604	6394756
1789670294	348.91	59	99	1680	0x0000000000000004	21196	51517880	8388604	6228704
1789670296	345.66	59	98	1695	0x0000000000000004	21196	51343264	8388604	6187584
1789670298	349.16	59	97	1710	0x0000000000000004	21196	51333120	8388604	6104384
1789670300	348.96	59	98	1695	0x0000000000000004	21196	51331208	8388604	6078476
1789670302	349.01	59	98	1695	0x0000000000000004	21196	51366160	8388604	5996264
1789670304	348.75	58	97	1695	0x0000000000000004	21196	51722432	8388604	6482000
1789670306	347.56	58	95	1695	0x0000000000000004	21196	51267760	8388604	6405440
1789670308	347.88	58	98	1740	0x0000000000000004	21196	51249884	8388604	6211976
1789670310	349.28	58	98	1710	0x0000000000000004	21196	51198460	8388604	6078824
1789670312	349.01	57	98	1695	0x0000000000000004	21196	51208540	8388604	6016780
1789670314	349.00	57	97	1695	0x0000000000000004	21196	51437508	8388604	6482004
1789670316	349.09	57	99	1695	0x0000000000000004	21196	51243020	8388604	6379532
1789670318	349.17	57	96	1710	0x0000000000000004	21196	51255028	8388604	6180952
1789670320	349.18	57	98	1695	0x0000000000000004	21196	51227968	8388604	6075548
1789670322	348.93	57	99	1680	0x0000000000000004	21196	51170136	8388604	5977008
1789670324	348.71	56	97	1695	0x0000000000000004	21196	51463072	8388604	6481996
1789670326	348.48	56	98	1710	0x0000000000000004	21196	51157540	8388604	6318648
1789670328	348.21	56	99	1710	0x0000000000000004	21196	51145400	8388604	6145932
1789670330	348.81	56	98	1695	0x0000000000000004	21196	51149356	8388604	6045332
1789670332	348.98	56	99	1695	0x0000000000000004	21196	51188480	8388604	5964284
1789670334	349.13	56	97	1710	0x0000000000000004	21196	51406432	8388604	6481996
1789670336	348.91	56	97	1710	0x0000000000000004	21196	51219944	8388604	6398252
1789670338	348.66	55	98	1680	0x0000000000000004	21196	51187760	8388604	6233240
1789670340	348.07	55	98	1710	0x0000000000000004	21196	51159572	8388604	6114784
1789670342	349.56	55	98	1710	0x0000000000000004	21196	51209852	8388604	6017192
1789670344	349.05	55	98	1695	0x0000000000000004	21196	51166240	8388604	5966104
1789670346	349.15	55	98	1710	0x0000000000000004	21196	51704748	8388604	6481996
1789670348	348.56	55	97	1710	0x0000000000000004	21196	51245896	8388604	6424840
1789670350	348.82	55	97	1680	0x0000000000000004	21196	51199756	8388604	6196252
1789670352	348.37	54	98	1665	0x0000000000000004	21196	51056212	8388604	6128148
1789670354	349.55	55	98	1695	0x0000000000000004	21196	51008172	8388604	6042400
1789670356	348.91	55	99	1695	0x0000000000000004	21196	51021240	8388604	5957720
1789670358	348.57	54	98	1695	0x0000000000000004	21196	51144244	8388604	6481980
1789670360	348.17	54	98	1680	0x0000000000000004	21196	51009632	8388604	6366412
1789670362	348.76	54	98	1725	0x0000000000000004	21196	50849612	8388604	6237284
1789670365	348.38	54	98	1680	0x0000000000000004	21196	50812392	8388604	6118696
1789670367	349.18	54	99	1680	0x0000000000000004	21196	50849120	8388604	6010244
1789670369	348.78	54	97	1710	0x0000000000000004	21196	50975052	8388604	6481984
1789670371	348.79	54	98	1695	0x0000000000000004	21196	51029556	8388604	6299500
1789670373	347.90	54	98	1710	0x0000000000000004	21196	50938224	8388604	6119324
1789670375	348.52	54	98	1710	0x0000000000000004	21196	50915924	8388604	6017760
1789670377	349.08	54	98	1695	0x0000000000000004	21196	51292428	8388604	6481984
1789670379	348.66	54	94	1710	0x0000000000000004	21196	50891308	8388604	6353792
1789670381	349.12	54	96	1695	0x0000000000000004	21196	50891724	8388604	6126136
1789670383	349.19	53	98	1695	0x0000000000000004	21196	51338740	8388604	6481984
1789670385	348.29	53	97	1755	0x0000000000000004	21196	50795648	8388604	6362668
1789670387	348.02	53	98	1710	0x0000000000000004	21196	50729252	8388604	5980380
1789670389	348.07	53	98	1710	0x0000000000000004	21196	51077372	8388604	6481984
1789670391	348.62	53	97	1710	0x0000000000000004	21196	50754692	8388604	6461328
1789670393	343.89	53	69	1710	0x0000000000000004	21196	50588200	8388604	6163048
1789670395	348.17	53	98	1725	0x0000000000000004	21196	50521912	8388604	6116156
1789670397	347.71	53	99	1725	0x0000000000000004	21196	50553472	8388604	6075444
1789670399	348.89	53	99	1710	0x0000000000000004	21196	50538696	8388604	5965808
1789670401	348.50	53	99	1695	0x0000000000000004	21196	51057948	8388604	6481984
1789670403	348.13	53	98	1710	0x0000000000000004	21196	50947976	8388604	6481984
1789670405	348.64	53	99	1725	0x0000000000000004	21196	50546656	8388604	6341120
1789670407	348.92	53	99	1710	0x0000000000000004	21196	50502844	8388604	6167264
1789670409	348.42	53	96	1710	0x0000000000000004	21196	50514804	8388604	5967660
1789670411	348.81	53	99	1710	0x0000000000000004	21196	50941308	8388604	6481984
1789670413	348.83	53	99	1710	0x0000000000000004	21196	51003280	8388604	6481984
1789670415	348.34	53	98	1710	0x0000000000000004	21196	51029584	8388604	6481984
1789670417	348.92	53	98	1710	0x0000000000000004	21196	50574552	8388604	6481984
1789670419	348.49	53	89	1710	0x0000000000000004	21196	50537948	8388604	5961224
1789670421	348.23	53	99	1695	0x0000000000000004	21196	50976928	8388604	6481984
1789670423	347.98	53	99	1710	0x0000000000000004	21196	51009108	8388604	6481984
1789670425	348.79	53	99	1710	0x0000000000000004	21196	51018572	8388604	6481984
1789670427	348.79	53	99	1710	0x0000000000000004	21196	51056820	8388604	6481984
1789670429	348.77	53	99	1710	0x0000000000000004	21196	51065976	8388604	6481984
1789670431	348.59	53	99	1710	0x0000000000000004	21196	51110440	8388604	6481984
1789670433	348.87	53	97	1725	0x0000000000000004	21196	50663600	8388604	6481984
1789670435	348.21	53	97	1725	0x0000000000000004	21196	50577428	8388604	5963600
1789670437	348.65	53	99	1695	0x0000000000000004	21196	50981052	8388604	6481984
1789670439	348.46	53	99	1710	0x0000000000000004	21196	51013808	8388604	6481984
1789670441	348.64	53	99	1710	0x0000000000000004	21196	51078240	8388604	6481984
1789670443	347.11	53	99	1695	0x0000000000000004	21196	51093336	8388604	6481984
1789670445	349.11	53	99	1710	0x0000000000000004	21196	51103884	8388604	6481984
1789670447	349.08	53	99	1695	0x0000000000000004	21196	51098560	8388604	6481984
1789670450	348.11	53	99	1710	0x0000000000000004	21196	51122368	8388604	6481984
1789670452	348.79	53	99	1710	0x0000000000000004	21196	51157364	8388604	6481984
1789670454	348.72	53	99	1710	0x0000000000000004	21196	51150992	8388604	6481984
1789670456	347.30	53	99	1710	0x0000000000000004	21196	51161120	8388604	6481984
1789670458	348.61	53	99	1710	0x0000000000000004	21196	51143868	8388604	6481984
1789670460	346.30	53	98	1800	0x0000000000000004	21196	51120144	8388604	6481984
1789670462	346.82	53	98	1770	0x0000000000000004	21196	50979572	8388604	6481984
1789670464	348.39	53	96	1725	0x0000000000000004	21196	50515792	8388604	6137724
1789670466	348.35	53	99	1710	0x0000000000000004	21196	51000452	8388604	6481984
1789670468	348.43	53	98	1710	0x0000000000000004	21196	51043876	8388604	6481988
1789670470	348.73	53	99	1710	0x0000000000000004	21196	51085140	8388604	6481988
1789670472	348.52	53	98	1695	0x0000000000000004	21196	51177368	8388604	6481988
1789670474	349.19	53	99	1710	0x0000000000000004	21196	51173080	8388604	6481988
1789670476	348.43	53	99	1710	0x0000000000000004	21196	51170740	8388604	6481988
1789670478	349.18	53	99	1710	0x0000000000000004	21196	51165180	8388604	6481988
1789670480	348.69	53	99	1695	0x0000000000000004	21196	51172936	8388604	6481988
1789670482	348.50	53	98	1710	0x0000000000000004	21196	51016652	8388604	6481988
1789670484	348.64	53	99	1710	0x0000000000000004	21196	50990980	8388604	6481988
1789670486	348.62	53	99	1710	0x0000000000000004	21196	50996080	8388604	6481988
1789670488	348.22	53	98	1695	0x0000000000000004	21196	51016472	8388604	6481988
1789670490	348.05	53	99	1695	0x0000000000000004	21196	51006128	8388604	6481988
1789670492	347.45	53	98	1725	0x0000000000000004	21196	50837064	8388604	6481988
1789670494	348.65	53	99	1710	0x0000000000000004	21196	50831284	8388604	6481988
1789670496	347.95	53	99	1710	0x0000000000000004	21196	50839508	8388604	6481988
1789670498	348.27	53	99	1710	0x0000000000000004	21196	50854852	8388604	6481988
1789670500	348.49	53	98	1725	0x0000000000000004	21196	50854616	8388604	6481988
1789670502	348.23	53	98	1710	0x0000000000000004	21196	50856516	8388604	6481988
1789670504	348.43	53	98	1725	0x0000000000000004	21196	50812008	8388604	6481988
1789670506	349.50	53	99	1710	0x0000000000000004	21196	50682772	8388604	6481988
1789670508	347.68	53	99	1710	0x0000000000000004	21196	50695220	8388604	6481988
1789670510	348.42	53	98	1710	0x0000000000000004	21196	50690920	8388604	6481988
1789670512	348.68	53	99	1710	0x0000000000000004	21196	50672564	8388604	6481988
1789670514	348.06	53	99	1710	0x0000000000000004	21196	50691668	8388604	6481988
1789670516	348.33	53	97	1710	0x0000000000000004	21196	50672908	8388604	6481988
1789670518	348.47	54	97	1695	0x0000000000000004	21196	50042784	8388604	6275556
1789670520	348.32	53	99	1710	0x0000000000000004	21196	50415736	8388604	6481984
1789670522	348.55	53	99	1710	0x0000000000000004	21196	50411848	8388604	6481984
1789670524	348.80	53	99	1710	0x0000000000000004	21196	50418072	8388604	6481984
1789670526	348.66	53	99	1710	0x0000000000000004	21196	50447068	8388604	6481984
1789670528	347.15	54	99	1710	0x0000000000000004	21196	50475644	8388604	6481984
1789670530	348.70	53	99	1710	0x0000000000000004	21196	50495912	8388604	6481984
1789670532	348.36	53	99	1695	0x0000000000000004	21196	50525640	8388604	6481984
1789670534	348.98	54	99	1695	0x0000000000000004	21196	50521808	8388604	6481984
1789670537	348.59	54	99	1695	0x0000000000000004	21196	50522152	8388604	6481984
1789670539	346.81	54	99	1710	0x0000000000000004	21196	50538192	8388604	6481984
1789670541	349.02	54	95	1710	0x0000000000000004	21196	50534600	8388604	6481984
1789670543	348.77	54	98	1710	0x0000000000000004	21196	50582948	8388604	6481984
1789670545	349.12	54	99	1710	0x0000000000000004	21196	50588596	8388604	6481984
1789670547	348.17	54	99	1710	0x0000000000000004	21196	50627096	8388604	6481984
1789670549	346.66	53	98	1785	0x0000000000000004	21196	50613996	8388604	6481984
1789670551	347.98	54	99	1695	0x0000000000000004	21196	50598616	8388604	6481984
1789670553	348.68	54	98	1695	0x0000000000000004	21196	50579788	8388604	6481984
1789670555	347.23	54	99	1710	0x0000000000000004	21196	50593968	8388604	6481984
1789670557	349.05	54	99	1710	0x0000000000000004	21196	50616140	8388604	6481984
1789670559	348.70	54	99	1710	0x0000000000000004	21196	50624568	8388604	6481984
1789670561	348.92	54	99	1710	0x0000000000000004	21196	50611908	8388604	6481984
1789670563	348.37	54	99	1710	0x0000000000000004	21196	50574440	8388604	6481984
1789670565	348.55	54	99	1710	0x0000000000000004	21196	50565816	8388604	6481984
1789670567	348.92	54	99	1710	0x0000000000000004	21196	50598920	8388604	6481984
1789670569	348.35	54	99	1710	0x0000000000000004	21196	50593288	8388604	6481984
1789670571	348.57	54	99	1695	0x0000000000000004	21196	50602668	8388604	6481984
1789670573	348.48	54	99	1695	0x0000000000000004	21196	50623400	8388604	6481984
1789670575	348.18	54	99	1710	0x0000000000000004	21196	50621576	8388604	6481984
1789670577	348.73	54	99	1710	0x0000000000000004	21196	50582628	8388604	6481984
1789670579	348.68	54	99	1695	0x0000000000000004	21196	50587696	8388604	6481984
1789670581	348.83	54	98	1710	0x0000000000000004	21196	50133116	8388604	6481984
1789670583	348.83	54	95	1710	0x0000000000000004	21196	49909792	8388604	5983224
1789670585	348.58	54	98	1710	0x0000000000000004	21196	50344092	8388604	6481984
1789670587	348.32	54	99	1710	0x0000000000000004	21196	50357252	8388604	6481984
1789670589	348.86	54	98	1710	0x0000000000000004	21196	50393148	8388604	6481984
1789670591	348.73	54	99	1710	0x0000000000000004	21196	50412320	8388604	6481984
1789670593	348.69	54	99	1710	0x0000000000000004	21196	50393328	8388604	6481984
1789670595	348.82	54	99	1710	0x0000000000000004	21196	50423428	8388604	6481984
1789670597	348.76	54	99	1710	0x0000000000000004	21196	50446732	8388604	6481984
1789670599	348.34	54	99	1710	0x0000000000000004	21196	50450248	8388604	6481984
1789670601	348.53	54	99	1710	0x0000000000000004	21196	50430228	8388604	6481984
1789670603	348.24	54	95	1695	0x0000000000000004	21196	50456168	8388604	6481984
1789670605	348.80	54	99	1710	0x0000000000000004	21196	50443956	8388604	6481984
1789670607	348.54	54	98	1710	0x0000000000000004	21196	50424096	8388604	6481984
1789670609	348.58	54	99	1710	0x0000000000000004	21196	50419504	8388604	6481984
1789670611	348.37	54	99	1710	0x0000000000000004	21196	50439828	8388604	6481984
1789670613	348.82	54	100	1695	0x0000000000000004	21196	50450188	8388604	6481984
1789670615	348.40	54	98	1680	0x0000000000000004	21196	50441856	8388604	6481984
1789670617	348.25	54	98	1710	0x0000000000000004	21196	50424888	8388604	6481984
1789670619	348.46	54	99	1710	0x0000000000000004	21196	50457868	8388604	6481984
1789670621	348.23	54	99	1710	0x0000000000000004	21196	50455204	8388604	6481984
1789670624	348.81	54	98	1710	0x0000000000000004	21196	50438912	8388604	6481984
1789670626	348.61	54	98	1710	0x0000000000000004	21196	50473368	8388604	6481984
1789670628	348.88	54	98	1710	0x0000000000000004	21196	50470160	8388604	6481984
1789670630	345.93	54	98	1710	0x0000000000000004	21196	50340576	8388604	6481984
1789670632	348.09	54	98	1710	0x0000000000000004	21196	50335064	8388604	6481984
1789670634	348.25	54	98	1710	0x0000000000000004	21196	50326488	8388604	6481984
1789670636	348.85	54	99	1710	0x0000000000000004	21196	50337004	8388604	6481984
1789670638	348.46	54	99	1710	0x0000000000000004	21196	50317760	8388604	6481984
1789670640	348.73	54	99	1710	0x0000000000000004	21196	50309184	8388604	6481984
1789670642	348.86	54	99	1710	0x0000000000000004	21196	50304564	8388604	6481984
1789670644	348.66	54	98	1710	0x0000000000000004	21196	50208044	8388604	6481984
1789670646	347.51	54	96	1740	0x0000000000000004	21196	49802488	8388604	6139052
1789670648	348.69	54	99	1710	0x0000000000000004	21196	50142276	8388604	6481984
1789670650	348.89	54	99	1710	0x0000000000000004	21196	50184320	8388604	6481984
1789670652	348.19	54	99	1710	0x0000000000000004	21196	50206752	8388604	6481984
1789670654	348.14	54	99	1710	0x0000000000000004	21196	50235600	8388604	6481984
1789670656	347.45	54	99	1710	0x0000000000000004	21196	50258316	8388604	6481984
1789670658	348.68	54	99	1710	0x0000000000000004	21196	50273032	8388604	6481984
1789670660	348.58	54	99	1710	0x0000000000000004	21196	50324700	8388604	6481984
1789670662	348.99	54	99	1695	0x0000000000000004	21196	50312924	8388604	6481984
1789670664	348.57	54	99	1665	0x0000000000000004	21196	50283564	8388604	6481984
1789670666	348.35	54	99	1710	0x0000000000000004	21196	50282372	8388604	6481984
1789670668	348.59	54	99	1710	0x0000000000000004	21196	50288948	8388604	6481984
1789670670	349.01	54	99	1710	0x0000000000000004	21196	50315096	8388604	6481984
1789670672	348.87	54	98	1710	0x0000000000000004	21196	50308360	8388604	6481984
1789670674	348.55	54	99	1710	0x0000000000000004	21196	50324092	8388604	6481984
1789670676	344.99	54	99	1710	0x0000000000000004	21196	50179760	8388604	6481984
1789670678	348.88	54	99	1710	0x0000000000000004	21196	50151512	8388604	6481984
1789670680	348.54	54	99	1710	0x0000000000000004	21196	50172492	8388604	6481984
1789670682	348.30	54	98	1710	0x0000000000000004	21196	50193248	8388604	6481984
1789670684	348.25	54	99	1695	0x0000000000000004	21196	50198252	8388604	6481984
1789670686	348.55	54	98	1695	0x0000000000000004	21196	50183316	8388604	6481984
1789670688	348.71	54	98	1710	0x0000000000000004	21196	50185744	8388604	6481984
1789670690	348.36	54	99	1710	0x0000000000000004	21196	50007844	8388604	6481984
1789670692	348.49	54	99	1710	0x0000000000000004	21196	50000972	8388604	6481984
1789670694	349.14	54	98	1710	0x0000000000000004	21196	50016788	8388604	6481984
1789670696	348.83	54	98	1710	0x0000000000000004	21196	50029192	8388604	6481984
1789670698	348.70	54	99	1710	0x0000000000000004	21196	50001760	8388604	6481984
1789670700	348.37	54	99	1710	0x0000000000000004	21196	49869704	8388604	6481984
1789670702	348.47	54	99	1710	0x0000000000000004	21196	49880856	8388604	6481984
1789670704	349.01	54	99	1725	0x0000000000000004	21196	49883372	8388604	6481984
1789670706	348.82	54	99	1710	0x0000000000000004	21196	49857928	8388604	6481984
1789670708	348.88	54	96	1725	0x0000000000000004	21196	49379468	8388604	6454496
1789670711	346.60	54	97	1725	0x0000000000000004	21196	49138292	8388604	5973540
1789670713	348.74	54	99	1710	0x0000000000000004	21196	49635380	8388604	6481984
1789670715	348.43	54	98	1710	0x0000000000000004	21196	49614628	8388604	6481984
1789670717	347.98	54	98	1710	0x0000000000000004	21196	49596336	8388604	6481984
1789670719	348.14	54	97	1710	0x0000000000000004	21196	49633336	8388604	6481984
1789670721	348.48	54	99	1710	0x0000000000000004	21196	49627280	8388604	6481984
1789670723	348.35	54	99	1710	0x0000000000000004	21196	49672192	8388604	6481984
1789670725	348.08	54	99	1710	0x0000000000000004	21196	49673724	8388604	6481984
1789670727	348.40	54	98	1710	0x0000000000000004	21196	49667984	8388604	6481984
1789670729	348.57	54	99	1710	0x0000000000000004	21196	49665716	8388604	6481984
1789670731	348.91	54	98	1710	0x0000000000000004	21196	49662532	8388604	6481984
1789670733	348.55	54	98	1710	0x0000000000000004	21196	49662532	8388604	6481984
1789670735	346.65	54	99	1710	0x0000000000000004	21196	49509260	8388604	6481984
1789670737	348.33	54	99	1710	0x0000000000000004	21196	49504520	8388604	6481984
1789670739	348.61	54	99	1710	0x0000000000000004	21196	49509716	8388604	6481984
1789670741	348.53	54	99	1710	0x0000000000000004	21196	49525592	8388604	6481984
1789670743	348.61	54	99	1695	0x0000000000000004	21196	49472772	8388604	6481984
1789670745	344.51	54	99	1710	0x0000000000000004	21196	49348788	8388604	6481984
1789670747	348.27	54	99	1725	0x0000000000000004	21196	49360940	8388604	6481984
1789670749	348.09	54	97	1710	0x0000000000000004	21196	49370948	8388604	6481984
1789670751	348.83	55	99	1710	0x0000000000000004	21196	49372792	8388604	6481984
1789670753	348.45	54	99	1710	0x0000000000000004	21196	49362940	8388604	6481984
1789670755	348.38	54	99	1695	0x0000000000000004	21196	49378160	8388604	6481984
1789670757	347.80	54	99	1710	0x0000000000000004	21196	49377128	8388604	6481984
1789670759	348.51	54	98	1710	0x0000000000000004	21196	49365700	8388604	6481984
1789670761	347.79	54	98	1695	0x0000000000000004	21196	49445132	8388604	6481984
1789670763	347.78	54	99	1710	0x0000000000000004	21196	49419352	8388604	6481984
1789670765	348.93	54	99	1725	0x0000000000000004	21196	49402324	8388604	6481984
1789670767	347.74	54	99	1695	0x0000000000000004	21196	49377568	8388604	6481984
1789670769	348.53	54	99	1695	0x0000000000000004	21196	49409404	8388604	6481984
1789670771	348.49	54	98	1710	0x0000000000000004	21196	49266464	8388604	6481984
1789670773	348.30	54	96	1710	0x0000000000000004	21196	48822612	8388604	6135764
1789670775	348.27	54	99	1710	0x0000000000000004	21196	49150312	8388604	6481984
1789670777	347.98	54	95	1710	0x0000000000000004	21196	49211804	8388604	6481984
1789670779	349.08	54	99	1710	0x0000000000000004	21196	49239356	8388604	6481984
1789670781	348.84	54	98	1710	0x0000000000000004	21196	49239568	8388604	6481984
1789670783	348.48	54	98	1710	0x0000000000000004	21196	49286328	8388604	6481984
1789670785	347.53	53	99	1785	0x0000000000000004	21196	49325900	8388604	6481984
1789670787	348.67	54	99	1695	0x0000000000000004	21196	49352876	8388604	6481984
1789670789	348.12	54	99	1710	0x0000000000000004	21196	49341808	8388604	6481984
1789670791	348.45	54	98	1695	0x0000000000000004	21196	49359756	8388604	6481984
1789670793	348.45	54	99	1710	0x0000000000000004	21196	49342672	8388604	6481984
1789670795	348.08	54	99	1695	0x0000000000000004	21196	49359448	8388604	6481984
1789670798	348.34	54	99	1695	0x0000000000000004	21196	49340132	8388604	6481984
1789670800	348.17	54	98	1695	0x0000000000000004	21196	49361972	8388604	6481984
1789670802	348.76	54	98	1710	0x0000000000000004	21196	49227344	8388604	6481984
1789670804	348.70	54	99	1680	0x0000000000000004	21196	49202168	8388604	6481984
1789670806	348.69	54	99	1710	0x0000000000000004	21196	49211732	8388604	6481984
1789670808	348.52	54	99	1710	0x0000000000000004	21196	49207152	8388604	6481984
1789670810	348.80	54	98	1710	0x0000000000000004	21196	49182276	8388604	6481984
1789670812	348.94	54	99	1710	0x0000000000000004	21196	49193608	8388604	6481984
1789670814	347.96	54	99	1710	0x0000000000000004	21196	49206868	8388604	6481984
1789670816	348.69	54	99	1710	0x0000000000000004	21196	49223684	8388604	6481984
1789670818	348.67	54	99	1710	0x0000000000000004	21196	49221512	8388604	6481984
1789670820	347.83	54	99	1710	0x0000000000000004	21196	49236384	8388604	6481984
1789670822	348.72	54	99	1710	0x0000000000000004	21196	49214328	8388604	6481984
1789670824	348.57	54	99	1710	0x0000000000000004	21196	49232800	8388604	6481984
1789670826	348.56	54	99	1710	0x0000000000000004	21196	49237604	8388604	6481984
1789670828	348.04	54	99	1695	0x0000000000000004	21196	49245620	8388604	6481984
1789670830	348.53	54	99	1710	0x0000000000000004	21196	49208708	8388604	6481984
1789670832	347.36	54	98	1710	0x0000000000000004	21196	49214328	8388604	6482176
1789670834	144.50	49	0	1980	0x0000000000000000	21196	49097632	8388604	6482472
1789670836	123.09	47	0	1695	0x0000000000000000	21196	48704656	8388604	6482496
1789670838	114.93	46	0	1695	0x0000000000000000	21196	48480344	8388604	6012644
1789670840	112.98	46	0	1695	0x0000000000000000	21196	49064756	8388604	6479856
1789670842	112.23	45	0	1695	0x0000000000000000	21196	49154064	8388604	6477856
1789670844	112.46	45	0	1695	0x0000000000000000	21196	49051140	8388604	6477856
1789670846	112.07	45	0	1695	0x0000000000000000	21196	49028108	8388604	6478748
1789670848	112.16	45	0	1695	0x0000000000000000	21196	49074924	8388604	6478768
1789670850	77.04	42	0	225	0x0000000000000001	21196	49119048	8388604	6478980
1789670852	22.49	42	0	210	0x0000000000000001	21196	49089596	8388604	6479292
1789670854	23.98	41	0	210	0x0000000000000001	21196	49112180	8388604	6479296
1789670856	23.15	41	0	210	0x0000000000000001	21196	49131252	8388604	6479296
1789670858	21.62	40	0	210	0x0000000000000004	21196	49131784	8388604	6479296
1789670860	21.66	40	0	210	0x0000000000000001	21196	49139576	8388604	6479368
1789670862	29.80	40	0	210	0x0000000000000001	21196	49131400	8388604	6479368
1789670864	21.67	39	0	210	0x0000000000000001	21196	49152136	8388604	6479368
1789670866	21.55	39	0	210	0x0000000000000004	21196	49168092	8388604	6479368
1789670868	23.12	39	1	210	0x0000000000000004	21196	49157388	8388604	6479368
1789670870	22.60	39	0	210	0x0000000000000001	21196	49176836	8388604	6479368
1789670872	21.52	39	0	210	0x0000000000000004	21196	49181356	8388604	6479368
1789670874	21.54	38	0	210	0x0000000000000001	21196	49180888	8388604	6479368
1789670876	29.90	38	0	210	0x0000000000000001	21196	49171792	8388604	6479368
1789670879	22.07	38	0	210	0x0000000000000001	21196	49160012	8388604	6479368
1789670881	21.64	38	0	210	0x0000000000000004	21196	49165036	8388604	6479368
1789670883	22.05	38	0	210	0x0000000000000001	21196	49149220	8388604	6479368
1789670885	22.89	38	0	210	0x0000000000000001	21196	49147108	8388604	6479368
1789670887	21.55	37	0	210	0x0000000000000001	21196	49159460	8388604	6479368
1789670889	21.75	37	0	210	0x0000000000000004	21196	49176452	8388604	6479368
1789670891	29.53	37	0	210	0x0000000000000001	21196	49162356	8388604	6479368
1789670893	22.09	36	0	210	0x0000000000000001	21196	49155668	8388604	6479368
1789670895	21.80	36	0	210	0x0000000000000004	21196	49167672	8388604	6479368
1789670897	21.51	36	0	210	0x0000000000000001	21196	49153040	8388604	6479368
1789670899	29.48	36	0	210	0x0000000000000001	21196	49155784	8388604	6479368
1789670901	21.58	36	0	210	0x0000000000000001	21196	48646892	8388604	6274456
1789670903	21.53	36	0	210	0x0000000000000004	21196	49079352	8388604	6479368
1789670905	25.40	36	0	210	0x0000000000000001	21196	49102552	8388604	6479368
1789670907	22.85	36	0	210	0x0000000000000001	21196	49120108	8388604	6479368
1789670909	21.51	35	0	210	0x0000000000000004	21196	49102844	8388604	6479368
1789670911	21.43	35	0	210	0x0000000000000001	21196	49128340	8388604	6479368
1789670913	29.22	35	0	210	0x0000000000000001	21196	49119216	8388604	6479368
1789670915	21.73	35	0	210	0x0000000000000001	21196	49127432	8388604	6479368
1789670917	21.50	35	0	210	0x0000000000000004	21196	49165120	8388604	6479368
1789670919	24.83	35	0	210	0x0000000000000001	21196	49183060	8388604	6479368
1789670921	22.44	35	0	210	0x0000000000000001	21196	49182764	8388604	6479368
1789670923	21.34	34	0	210	0x0000000000000004	21196	49173512	8388604	6479368
1789670925	21.36	34	0	210	0x0000000000000001	21196	49186980	8388604	6479368
1789670927	29.47	34	0	210	0x0000000000000001	21196	49192016	8388604	6479368
1789670929	21.90	34	0	210	0x0000000000000001	21196	49189592	8388604	6479368
1789670931	21.40	34	0	210	0x0000000000000004	21196	49168228	8388604	6479368
1789670933	24.31	34	0	210	0x0000000000000001	21196	49165156	8388604	6479368
1789670935	22.74	34	0	210	0x0000000000000001	21196	49177524	8388604	6479744
1789670937	21.46	34	0	210	0x0000000000000004	21196	49148612	8388604	6479744
1789670939	21.52	33	0	210	0x0000000000000001	21196	49159508	8388604	6479744
1789670941	29.20	34	0	210	0x0000000000000001	21196	49170348	8388604	6479744
1789670943	21.76	33	0	210	0x0000000000000001	21196	49174224	8388604	6479744
1789670945	21.54	33	0	210	0x0000000000000004	21196	49184276	8388604	6479744
1789670947	23.98	33	0	210	0x0000000000000001	21196	49176864	8388604	6479744
1789670949	22.94	33	0	210	0x0000000000000001	21196	49178728	8388604	6479744
1789670952	21.47	33	0	210	0x0000000000000004	21196	49190436	8388604	6479744
1789670954	21.59	33	0	210	0x0000000000000001	21196	49177680	8388604	6479744
1789670956	28.78	33	0	210	0x0000000000000001	21196	49169252	8388604	6479744
1789670958	21.78	32	0	210	0x0000000000000001	21196	49168288	8388604	6479744
1789670960	21.45	32	0	210	0x0000000000000004	21196	49155880	8388604	6479744
1789670962	23.42	33	0	210	0x0000000000000001	21196	49162700	8388604	6479744
1789670964	22.45	33	0	210	0x0000000000000001	21196	48757312	8388604	6479744
1789670966	21.40	32	0	210	0x0000000000000004	21196	48650192	8388604	5989924
1789670968	21.45	32	0	210	0x0000000000000001	21196	49059872	8388604	6479744
1789670970	29.10	33	0	210	0x0000000000000001	21196	49026696	8388604	6479744
1789670972	21.35	32	0	210	0x0000000000000001	21196	49080424	8388604	6479744
1789670974	21.30	32	0	210	0x0000000000000004	21196	49138600	8388604	6479744
1789670976	22.29	32	1	210	0x0000000000000001	21196	49148476	8388604	6479744
1789670978	22.63	33	0	210	0x0000000000000001	21196	49145012	8388604	6479744
1789670980	21.19	32	0	210	0x0000000000000004	21196	49153036	8388604	6479744
1789670982	21.31	32	0	210	0x0000000000000001	21196	49178296	8388604	6479744
1789670984	28.75	33	0	210	0x0000000000000001	21196	49189728	8388604	6479744
1789670986	21.51	32	0	210	0x0000000000000001	21196	49202780	8388604	6479744
1789670988	21.23	32	0	210	0x0000000000000004	21196	49209696	8388604	6479744
1789670990	21.46	32	0	210	0x0000000000000001	21196	49192408	8388604	6479744
1789670992	22.17	32	0	210	0x0000000000000001	21196	49189872	8388604	6479744
1789670994	21.23	32	0	210	0x0000000000000001	21196	49192268	8388604	6479744
1789670996	21.38	32	0	210	0x0000000000000004	21196	49198820	8388604	6479744
1789670998	29.14	32	0	210	0x0000000000000001	21196	49220180	8388604	6479744
1789671000	21.59	32	0	210	0x0000000000000001	21196	49228056	8388604	6479744
1789671002	21.13	32	0	210	0x0000000000000001	21196	49190144	8388604	6479744
1789671004	21.11	32	0	210	0x0000000000000004	21196	49202404	8388604	6479744
1789671006	28.60	32	0	210	0x0000000000000001	21196	49184632	8388604	6479744
1789671008	21.21	32	0	210	0x0000000000000001	21196	49183620	8388604	6479744
1789671010	21.41	32	0	210	0x0000000000000004	21196	49197260	8388604	6479744
1789671012	24.99	32	0	210	0x0000000000000001	21196	49191716	8388604	6479744
1789671014	22.25	32	0	210	0x0000000000000001	21196	49240500	8388604	6479744
1789671016	21.18	32	0	210	0x0000000000000004	21196	49200300	8388604	6479752
1789671018	21.40	32	0	210	0x0000000000000001	21196	49191188	8388604	6479752
1789671020	29.18	32	0	210	0x0000000000000001	21196	49149384	8388604	6479752
1789671023	21.31	32	0	210	0x0000000000000001	21196	49172972	8388604	6479752
1789671025	21.19	32	0	210	0x0000000000000004	21196	49198628	8388604	6479752
1789671027	24.46	32	0	210	0x0000000000000001	21196	49064460	8388604	6479752
1789671029	22.53	32	0	210	0x0000000000000001	21196	48688848	8388604	6128380
1789671031	21.22	32	0	210	0x0000000000000004	21196	49091436	8388604	6479752
1789671033	21.32	32	0	210	0x0000000000000001	21196	49087588	8388604	6479752
1789671035	28.82	32	0	210	0x0000000000000004	21196	49117000	8388604	6479752
1789671037	21.46	32	0	210	0x0000000000000004	21196	49147024	8388604	6479752
1789671039	21.19	32	0	210	0x0000000000000001	21196	49156216	8388604	6479752
1789671041	24.12	32	0	210	0x0000000000000001	21196	49143532	8388604	6479752
1789671043	22.12	32	0	210	0x0000000000000001	21196	49167424	8388604	6479752
1789671045	21.33	32	0	210	0x0000000000000004	21196	49189596	8388604	6479752
1789671047	21.63	31	0	210	0x0000000000000004	21196	49176292	8388604	6479752
1789671049	28.98	32	0	210	0x0000000000000001	21196	49184328	8388604	6479752
1789671051	21.69	31	0	210	0x0000000000000001	21196	49188272	8388604	6479752
1789671053	21.34	31	0	210	0x0000000000000004	21196	49197196	8388604	6479752
1789671055	23.47	32	0	210	0x0000000000000004	21196	49218728	8388604	6479752
1789671057	22.44	32	0	210	0x0000000000000001	21196	49187092	8388604	6479752
1789671059	21.31	31	0	210	0x0000000000000001	21196	49147848	8388604	6479752
1789671061	21.43	31	0	210	0x0000000000000004	21196	49151108	8388604	6479752
1789671063	28.95	32	0	210	0x0000000000000001	21196	49203872	8388604	6479752
1789671065	21.42	31	0	210	0x0000000000000001	21196	49179624	8388604	6479752
1789671067	21.29	31	0	210	0x0000000000000004	21196	49206680	8388604	6479752
1789671069	22.94	31	0	210	0x0000000000000004	21196	49201092	8388604	6479752
1789671071	22.85	32	0	210	0x0000000000000001	21196	49160280	8388604	6479752
1789671073	21.38	31	0	210	0x0000000000000001	21196	49188672	8388604	6479752
1789671075	21.44	31	0	210	0x0000000000000001	21196	49172724	8388604	6479752
1789671077	28.70	32	0	210	0x0000000000000001	21196	49161092	8388604	6479752
1789671079	21.60	31	0	210	0x0000000000000001	21196	49161512	8388604	6479752
1789671081	21.28	31	0	210	0x0000000000000004	21196	49207596	8388604	6479752
1789671083	21.93	31	1	210	0x0000000000000004	21196	49197420	8388604	6479752
1789671085	22.27	31	0	210	0x0000000000000001	21196	49190408	8388604	6479752
1789671087	21.22	31	0	210	0x0000000000000004	21196	49186204	8388604	6479752
1789671089	21.30	31	0	210	0x0000000000000001	21196	49180152	8388604	6479752
1789671091	29.02	31	0	210	0x0000000000000001	21196	48693892	8388604	6314268
1789671093	21.34	31	0	210	0x0000000000000001	21196	48644012	8388604	5956556
1789671096	21.27	31	0	210	0x0000000000000004	21196	49143764	8388604	6479752
1789671098	21.52	31	0	210	0x0000000000000001	21196	49115100	8388604	6479752
1789671100	22.48	31	0	210	0x0000000000000001	21196	49132660	8388604	6479752
1789671102	21.20	31	0	210	0x0000000000000001	21196	49127644	8388604	6479752
1789671104	21.40	31	0	210	0x0000000000000004	21196	49143868	8388604	6479752
1789671106	28.74	31	0	210	0x0000000000000001	21196	49141020	8388604	6479752
1789671108	21.54	31	0	210	0x0000000000000001	21196	49174584	8388604	6479752
1789671110	21.41	31	0	210	0x0000000000000004	21196	49193916	8388604	6479752
1789671112	21.40	31	0	210	0x0000000000000004	21196	49182180	8388604	6479752
1789671114	29.01	31	0	210	0x0000000000000001	21196	49181636	8388604	6479752
1789671116	21.41	31	0	210	0x0000000000000001	21196	49180164	8388604	6479752
1789671118	21.42	31	0	210	0x0000000000000004	21196	49160716	8388604	6479752
1789671120	25.11	31	0	210	0x0000000000000001	21196	49182256	8388604	6479752
1789671122	22.75	31	0	210	0x0000000000000001	21196	49185684	8388604	6479752
1789671124	21.50	31	0	210	0x0000000000000001	21196	49176964	8388604	6479752
1789671126	21.63	31	0	210	0x0000000000000001	21196	49173612	8388604	6479752
1789671128	28.89	31	0	210	0x0000000000000001	21196	49200588	8388604	6479752
1789671130	21.88	31	0	210	0x0000000000000001	21196	49208968	8388604	6479752
1789671132	21.49	30	0	210	0x0000000000000004	21196	49193104	8388604	6479752
1789671134	24.78	31	0	210	0x0000000000000001	21196	49117844	8388604	6479752
1789671136	22.41	31	0	210	0x0000000000000001	21196	49077348	8388604	6479752
1789671138	21.44	30	0	210	0x0000000000000004	21196	49086940	8388604	6479752
1789671140	21.47	30	0	210	0x0000000000000001	21196	49061812	8388604	6479752
1789671142	28.99	31	0	210	0x0000000000000001	21196	49031080	8388604	6479752
1789671144	21.87	30	0	210	0x0000000000000001	21196	49004832	8388604	6479752
1789671146	21.44	30	0	210	0x0000000000000004	21196	49016104	8388604	6479752
1789671148	24.21	31	0	210	0x0000000000000001	21196	48996764	8388604	6479752
1789671150	22.67	31	0	210	0x0000000000000001	21196	49072936	8388604	6479752
1789671152	21.30	30	0	210	0x0000000000000004	21196	49083404	8388604	6479752
1789671154	21.41	30	0	210	0x0000000000000001	21196	48939968	8388604	6479752
1789671156	28.73	31	0	210	0x0000000000000004	21196	48640628	8388604	6213480
1789671158	21.53	30	0	210	0x0000000000000004	21196	49099328	8388604	6479760
1789671160	21.29	30	0	210	0x0000000000000001	21196	49052720	8388604	6479760
1789671162	23.63	31	0	210	0x0000000000000001	21196	49039824	8388604	6479760
1789671164	22.13	31	0	210	0x0000000000000001	21196	49058476	8388604	6479760
1789671167	21.30	30	0	210	0x0000000000000004	21196	49097232	8388604	6479760
1789671169	21.32	30	0	210	0x0000000000000001	21196	49112476	8388604	6479760
1789671171	29.06	31	0	210	0x0000000000000001	21196	49125968	8388604	6479760
1789671173	21.67	30	0	210	0x0000000000000001	21196	49138244	8388604	6479760
1789671175	21.35	30	0	210	0x0000000000000004	21196	49132172	8388604	6479760
1789671177	23.07	30	0	210	0x0000000000000004	21196	49124052	8388604	6479760
1789671179	22.43	30	0	210	0x0000000000000001	21196	49116028	8388604	6479760
1789671181	21.33	30	0	210	0x0000000000000001	21196	49129996	8388604	6479760
1789671183	21.30	30	0	210	0x0000000000000004	21196	49142672	8388604	6479760
1789671185	28.82	30	0	210	0x0000000000000001	21196	49156760	8388604	6479760
1789671187	21.40	30	0	210	0x0000000000000001	21196	49160036	8388604	6479760
1789671189	21.21	30	0	210	0x0000000000000004	21196	49157144	8388604	6479760
1789671191	22.23	30	0	210	0x0000000000000001	21196	49157400	8388604	6479760
1789671193	22.71	30	0	210	0x0000000000000001	21196	49156372	8388604	6479760
1789671195	21.43	30	0	210	0x0000000000000001	21196	49143272	8388604	6479760
1789671197	21.42	30	0	210	0x0000000000000001	21196	49152904	8388604	6479760
1789671199	28.60	30	0	210	0x0000000000000001	21196	49161480	8388604	6479760
1789671201	21.62	30	0	210	0x0000000000000001	21196	49165900	8388604	6479760
1789671203	21.39	30	0	210	0x0000000000000004	21196	49168560	8388604	6479760
1789671205	21.38	30	0	210	0x0000000000000001	21196	49163256	8388604	6479760
1789671207	22.28	30	0	210	0x0000000000000001	21196	49108160	8388604	6479760
1789671209	21.25	30	0	210	0x0000000000000001	21196	49049892	8388604	6479760
1789671211	21.34	30	0	210	0x0000000000000004	21196	49031760	8388604	6479760
1789671213	28.93	30	0	210	0x0000000000000001	21196	49058656	8388604	6479760
1789671215	21.90	30	0	210	0x0000000000000001	21196	49037144	8388604	6479760
1789671217	21.13	30	0	210	0x0000000000000004	21196	49008800	8388604	6479760
1789671219	21.25	30	0	210	0x0000000000000001	21196	48640376	8388604	6479760
1789671221	29.17	30	0	210	0x0000000000000001	21196	48463608	8388604	6085364
1789671223	21.58	30	0	210	0x0000000000000001	21196	48904892	8388604	6479760
1789671225	21.37	30	0	210	0x0000000000000004	21196	48941748	8388604	6479760
1789671227	24.78	30	0	210	0x0000000000000004	21196	49006780	8388604	6479760
1789671229	22.26	30	0	210	0x0000000000000001	21196	49081096	8388604	6479760
1789671231	21.24	30	0	210	0x0000000000000004	21196	49086240	8388604	6479760
1789671233	21.25	30	0	210	0x0000000000000004	21196	49120892	8388604	6479760
1789671235	28.93	30	0	210	0x0000000000000001	21196	49122888	8388604	6479760
1789671237	21.28	30	0	210	0x0000000000000001	21196	49159804	8388604	6479760
1789671240	21.33	30	0	210	0x0000000000000004	21196	49157300	8388604	6479760
1789671242	24.48	30	0	210	0x0000000000000001	21196	49127132	8388604	6479760
1789671244	22.74	30	0	210	0x0000000000000001	21196	49116660	8388604	6479760
1789671246	21.22	30	0	210	0x0000000000000004	21196	49128668	8388604	6479760
1789671248	21.30	29	0	210	0x0000000000000001	21196	49136256	8388604	6479760
1789671250	28.61	30	0	210	0x0000000000000001	21196	49056688	8388604	6479760
1789671252	21.57	29	0	210	0x0000000000000001	21196	46144412	8388604	6480472
1789671254	21.24	29	0	210	0x0000000000000001	21196	44665012	8388604	6479948
1789671256	24.19	30	0	210	0x0000000000000001	21196	43889892	8388604	6479948
1789671258	22.30	30	0	210	0x0000000000000001	21196	42505664	8388604	6479896
1789671260	21.33	29	0	210	0x0000000000000004	21196	43286632	8388604	6479896
1789671262	21.54	29	0	210	0x0000000000000001	21196	42382540	8388604	6479896
1789671264	28.91	30	0	210	0x0000000000000001	21196	42215140	8388604	6479896
1789671266	21.73	29	0	210	0x0000000000000001	21196	43053236	8388604	6479896
1789671268	21.31	29	0	210	0x0000000000000004	21196	42641656	8388604	6479896
1789671270	24.75	30	0	210	0x0000000000000001	21196	42515648	8388604	6479896
1789671272	22.51	30	0	210	0x0000000000000001	21196	42316928	8388604	6479896
1789671274	21.27	29	0	210	0x0000000000000004	21196	42701824	8388604	6479896
1789671277	21.22	29	0	210	0x0000000000000001	21196	43155840	8388604	6479896
1789671279	28.75	30	0	210	0x0000000000000001	21196	42457384	8388604	6479896
1789671281	21.28	29	0	210	0x0000000000000001	21196	42750732	8388604	6479896
1789671283	21.37	29	0	210	0x0000000000000001	21196	42440164	8388604	6479896
1789671285	28.85	30	0	210	0x0000000000000001	21196	42274236	8388604	6479896
1789671287	21.32	29	0	210	0x0000000000000001	21196	42296072	8388604	6121384
1789671289	21.34	29	0	210	0x0000000000000004	21196	42095528	8388604	5957660
1789671291	22.30	29	0	210	0x0000000000000001	21196	42591336	8388604	6479896
1789671293	22.45	30	0	210	0x0000000000000001	21196	42747664	8388604	6479896
1789671295	21.18	29	0	210	0x0000000000000001	21196	42922072	8388604	6479896
1789671297	21.50	29	0	210	0x0000000000000001	21196	42409688	8388604	6479896
1789671299	28.63	30	0	210	0x0000000000000001	21196	42253564	8388604	6479896
1789671302	21.41	29	0	210	0x0000000000000001	21196	41568452	8388604	6479896
1789671304	21.16	29	0	210	0x0000000000000001	21196	41906584	8388604	6479896
1789671306	23.05	29	0	210	0x0000000000000001	21196	44773348	8388604	6479896
1789671308	22.06	29	0	210	0x0000000000000001	21196	44977992	8388604	6479896
1789671310	21.28	29	0	210	0x0000000000000004	21196	45459304	8388604	6479896
1789671312	21.32	29	0	210	0x0000000000000001	21196	45269468	8388604	6479896
1789671314	28.99	29	0	210	0x0000000000000001	21196	45687128	8388604	6479896
1789671316	21.66	29	0	210	0x0000000000000001	21196	45706744	8388604	6479896
1789671318	21.19	29	0	210	0x0000000000000004	21196	45539352	8388604	6479896
1789671320	23.72	29	0	210	0x0000000000000004	21196	44902428	8388604	6479896
1789671322	22.26	29	0	210	0x0000000000000001	21196	44679792	8388604	6479896
1789671324	21.06	29	0	210	0x0000000000000004	21196	44134664	8388604	6479896
1789671326	21.28	29	0	210	0x0000000000000001	21196	44327216	8388604	6479896
1789671329	28.71	29	0	210	0x0000000000000001	21196	45044292	8388604	6479896
1789671331	21.26	29	0	210	0x0000000000000001	21196	44507532	8388604	6479896
1789671333	21.03	29	0	210	0x0000000000000004	21196	45374956	8388604	6479896
1789671335	24.11	29	0	210	0x0000000000000001	21196	46791476	8388604	6479896
1789671337	22.75	29	0	210	0x0000000000000001	21196	47330736	8388604	6479896
1789671339	35.82	34	0	1635	0x0000000000000004	23276	47544216	8388604	6479896
1789671341	347.64	40	97	1650	0x0000000000000004	23316	47622680	8388604	6479896
1789671343	347.55	42	100	1620	0x0000000000000004	23316	47667580	8388604	6479896
1789671345	345.70	43	100	1620	0x0000000000000004	23316	47799664	8388604	6479896
1789671347	345.90	43	100	1725	0x0000000000000004	23316	47871268	8388604	6479896
1789671349	346.71	44	100	1620	0x0000000000000004	23316	47924772	8388604	6479896
1789671351	344.29	45	100	1695	0x0000000000000004	23316	47642752	8388604	6370328
1789671353	341.56	44	97	1635	0x0000000000000004	23316	48170608	8388604	6479896
1789671355	343.71	45	98	1725	0x0000000000000004	23316	48204548	8388604	6479896
1789671357	347.23	46	100	1620	0x0000000000000004	23316	48247624	8388604	6479896
1789671359	337.79	45	100	1725	0x0000000000000004	23316	48306320	8388604	6479896
1789671361	338.42	47	100	1800	0x0000000000000004	23316	48326744	8388604	6479896
1789671363	338.72	48	100	1710	0x0000000000000004	23316	48367712	8388604	6479896
1789671365	337.12	48	100	1620	0x0000000000000004	23316	48386584	8388604	6479896
1789671367	337.53	48	100	1620	0x0000000000000004	23316	48412728	8388604	6479896
1789671369	331.46	47	100	1620	0x0000000000000004	23316	48416756	8388604	6479896
1789671371	327.75	50	100	1680	0x0000000000000004	23316	48275716	8388604	6479896
1789671373	335.33	50	100	1680	0x0000000000000004	23316	48242284	8388604	6479916
1789671375	336.82	50	100	1605	0x0000000000000004	23316	48299464	8388604	6479916
1789671377	334.71	49	100	1620	0x0000000000000004	23316	48319396	8388604	6479916
1789671379	331.35	50	100	1860	0x0000000000000004	23316	48364208	8388604	6479916
1789671381	337.97	50	100	1620	0x0000000000000004	23316	48414912	8388604	6479916
1789671383	335.11	50	100	1830	0x0000000000000004	23316	48418556	8388604	6479916
1789671385	330.87	50	100	1860	0x0000000000000004	23316	48431192	8388604	6479916
1789671387	335.99	51	100	1620	0x0000000000000004	23316	48407500	8388604	6479916
1789671389	334.23	52	100	1635	0x0000000000000004	23316	48426412	8388604	6479916
1789671391	328.77	51	100	1890	0x0000000000000004	23316	48457684	8388604	6479916
1789671393	335.47	53	100	1710	0x0000000000000004	23316	48438412	8388604	6479916
1789671395	327.60	52	100	1770	0x0000000000000004	23316	48414392	8388604	6479916
1789671397	332.65	52	100	1620	0x0000000000000004	23316	48435968	8388604	6479916
1789671399	329.07	52	96	1740	0x0000000000000004	23316	48433316	8388604	6479916
1789671401	331.16	53	100	1785	0x0000000000000004	23316	48442632	8388604	6479916
1789671403	331.24	54	100	1815	0x0000000000000004	23316	48444752	8388604	6479916
1789671405	333.73	55	100	1665	0x0000000000000004	23316	48450604	8388604	6479916
1789671407	333.19	55	100	1620	0x0000000000000004	23316	48451104	8388604	6479916
1789671410	335.06	54	100	1875	0x0000000000000004	23316	48448468	8388604	6479916
1789671412	331.50	55	100	1605	0x0000000000000004	23316	48436040	8388604	6479916
1789671414	336.78	55	100	1800	0x0000000000000004	23316	48178616	8388604	6479916
1789671416	328.52	55	100	1845	0x0000000000000004	23316	47714656	8388604	6154804
1789671418	327.82	55	100	1830	0x0000000000000004	23316	47679804	8388604	5980448
1789671420	327.77	55	100	1665	0x0000000000000004	23316	48172316	8388604	6479916
1789671422	329.17	55	100	1770	0x0000000000000004	23316	48152948	8388604	6479916
1789671424	332.11	55	100	1905	0x0000000000000004	23316	48153048	8388604	6479916
1789671426	327.11	55	100	1830	0x0000000000000004	23316	48208308	8388604	6479916
1789671428	336.08	57	98	1620	0x0000000000000004	23316	48225336	8388604	6479916
1789671430	333.75	56	100	1650	0x0000000000000004	23316	48253460	8388604	6479916
1789671432	330.70	57	100	1770	0x0000000000000004	23316	48249832	8388604	6479916
1789671434	333.56	58	100	1830	0x0000000000000004	23316	48265572	8388604	6479916
1789671436	333.95	57	100	1620	0x0000000000000004	23316	48304376	8388604	6479916
1789671438	332.66	56	100	1830	0x0000000000000004	23316	48314676	8388604	6479916
1789671440	333.25	56	100	1890	0x0000000000000004	23316	48298324	8388604	6479916
1789671442	330.78	56	100	1890	0x0000000000000004	23316	48268272	8388604	6479916
1789671444	331.28	58	100	1650	0x0000000000000004	23316	48281440	8388604	6479916
1789671446	334.47	58	100	1785	0x0000000000000004	23316	48277096	8388604	6479916
1789671448	334.47	57	100	1905	0x0000000000000004	23316	48272420	8388604	6479916
1789671450	330.42	57	100	1890	0x0000000000000004	23316	48279060	8388604	6479916
1789671452	335.84	57	100	1815	0x0000000000000004	23316	48270268	8388604	6479916
1789671454	333.93	59	100	1590	0x0000000000000004	23316	48266168	8388604	6479916
1789671456	331.36	58	100	1815	0x0000000000000004	23316	48279860	8388604	6479916
1789671458	332.85	59	100	1815	0x0000000000000004	23316	48287036	8388604	6479916
1789671460	335.19	59	100	1620	0x0000000000000004	23316	48272032	8388604	6479916
1789671462	335.41	58	100	1830	0x0000000000000004	23316	48283864	8388604	6479916
1789671464	329.30	59	100	1905	0x0000000000000004	23316	48262464	8388604	6479916
1789671466	336.65	60	100	1605	0x0000000000000004	23316	48272908	8388604	6479916
1789671468	328.65	59	100	1875	0x0000000000000004	23316	48292664	8388604	6479916
1789671470	329.24	59	100	1890	0x0000000000000004	23316	48266352	8388604	6479916
1789671472	330.75	59	100	1875	0x0000000000000004	23316	48114268	8388604	6479916
1789671474	330.75	60	100	1590	0x0000000000000004	23316	48138384	8388604	6479916
1789671476	338.36	60	100	1605	0x0000000000000004	23316	48147684	8388604	6479916
1789671478	338.34	60	100	1605	0x0000000000000004	23316	48133056	8388604	6479916
1789671480	339.31	61	100	1605	0x0000000000000004	23316	47606424	8388604	6210688
1789671482	334.87	61	100	1605	0x0000000000000004	23316	48026068	8388604	6479912
1789671484	339.00	60	100	1560	0x0000000000000004	23316	48057648	8388604	6479912
1789671486	335.24	61	100	1875	0x0000000000000004	23316	48079548	8388604	6479912
1789671488	333.51	60	100	1890	0x0000000000000004	23316	48126712	8388604	6479912
1789671490	333.39	60	100	1830	0x0000000000000004	23316	48127184	8388604	6479912
1789671492	332.11	62	100	1620	0x0000000000000004	23316	48142008	8388604	6479912
1789671494	335.84	62	100	1785	0x0000000000000004	23316	48141960	8388604	6479912
1789671496	333.69	60	100	1875	0x0000000000000004	23316	48150828	8388604	6479912
1789671498	340.27	62	100	1605	0x0000000000000004	23316	48176088	8388604	6479912
1789671501	333.46	60	100	1890	0x0000000000000004	23316	48166516	8388604	6479912
1789671503	335.42	62	100	1605	0x0000000000000004	23316	48186588	8388604	6479912
1789671505	335.38	61	100	1890	0x0000000000000004	23316	48187432	8388604	6479912
1789671507	336.47	62	100	1605	0x0000000000000004	23316	48151344	8388604	6479912
1789671509	336.67	61	100	1875	0x0000000000000004	23316	48158484	8388604	6479912
1789671511	335.40	61	100	1905	0x0000000000000004	23316	48150736	8388604	6479912
1789671513	335.46	61	100	1605	0x0000000000000004	23316	48137116	8388604	6479912
1789671515	336.36	61	100	1845	0x0000000000000004	23316	48119216	8388604	6479912
1789671517	335.64	61	100	1890	0x0000000000000004	23316	48145944	8388604	6479912
1789671519	336.12	62	100	1905	0x0000000000000004	23316	48156732	8388604	6479912
1789671521	336.29	62	100	1590	0x0000000000000004	23316	48154540	8388604	6479912
1789671523	337.84	62	100	1650	0x0000000000000004	23316	48158488	8388604	6479912
1789671525	339.54	62	100	1755	0x0000000000000004	23316	48134308	8388604	6479912
1789671527	340.81	62	100	1830	0x0000000000000004	23316	48174504	8388604	6479912
1789671529	336.62	63	100	1845	0x0000000000000004	23316	48168332	8388604	6479912
1789671531	337.15	62	100	1830	0x0000000000000004	23316	48194204	8388604	6479912
1789671533	339.22	62	100	1800	0x0000000000000004	23316	48194232	8388604	6479912
1789671535	343.14	63	100	1755	0x0000000000000004	23316	48178060	8388604	6479912
1789671537	338.65	64	100	1605	0x0000000000000004	23316	48190136	8388604	6479912
1789671539	340.30	63	100	1605	0x0000000000000004	23316	48179832	8388604	6479912
1789671541	327.11	63	100	1905	0x0000000000000004	23316	48012580	8388604	6479912
1789671543	338.19	62	100	1890	0x0000000000000004	23316	47494368	8388604	6479912
1789671545	342.55	62	100	1860	0x0000000000000004	23316	47450132	8388604	6236108
1789671547	340.46	64	100	1590	0x0000000000000004	23316	47417244	8388604	6077196
1789671549	334.32	64	100	1815	0x0000000000000004	23316	47803032	8388604	6479912
1789671551	336.59	63	100	1890	0x0000000000000004	23316	47849948	8388604	6479912
1789671553	342.49	64	100	1680	0x0000000000000004	23316	47903168	8388604	6479912
1789671555	341.35	63	100	1605	0x0000000000000004	23316	47946404	8388604	6479912
1789671557	333.68	63	100	1890	0x0000000000000004	23316	47946460	8388604	6479912
1789671559	342.20	64	100	1605	0x0000000000000004	23316	47984668	8388604	6479912
1789671561	333.58	63	100	1890	0x0000000000000004	23316	48015140	8388604	6479912
1789671563	340.49	64	100	1605	0x0000000000000004	23316	48025528	8388604	6479912
1789671565	333.72	63	96	1875	0x0000000000000004	23316	48015048	8388604	6479912
1789671567	343.83	64	100	1605	0x0000000000000004	23316	48040920	8388604	6479912
1789671569	333.48	63	100	1890	0x0000000000000004	23316	48046924	8388604	6479912
1789671571	337.80	64	100	1590	0x0000000000000004	23316	48024648	8388604	6479912
1789671573	333.21	63	100	1875	0x0000000000000004	23316	48039344	8388604	6479912
1789671575	339.62	64	100	1890	0x0000000000000004	23316	48044264	8388604	6479912
1789671577	343.02	64	100	1620	0x0000000000000004	23316	48052916	8388604	6479912
1789671579	336.92	63	100	1875	0x0000000000000004	23316	48036220	8388604	6479912
1789671581	342.49	64	100	1890	0x0000000000000004	23316	48046668	8388604	6479912
1789671583	343.59	64	100	1590	0x0000000000000004	23316	48060692	8388604	6479912
1789671585	334.83	63	100	1860	0x0000000000000004	23316	48030816	8388604	6479912
1789671587	333.40	63	100	1890	0x0000000000000004	23316	48045668	8388604	6479912
1789671589	333.98	64	100	1890	0x0000000000000004	23316	48066024	8388604	6479912
1789671592	342.75	64	100	1590	0x0000000000000004	23316	48044324	8388604	6479912
1789671594	343.33	64	100	1590	0x0000000000000004	23316	48035788	8388604	6479912
1789671596	339.54	63	100	1800	0x0000000000000004	23316	48029900	8388604	6479912
1789671598	336.59	63	100	1875	0x0000000000000004	23316	48042064	8388604	6479912
1789671600	337.27	63	100	1875	0x0000000000000004	23316	48021540	8388604	6479912
1789671602	339.27	64	100	1890	0x0000000000000004	23316	48053692	8388604	6479912
1789671604	338.10	64	100	1875	0x0000000000000004	23316	48075092	8388604	6479912
1789671606	338.49	64	100	1890	0x0000000000000004	23316	48040148	8388604	6479912
1789671608	337.20	64	100	1890	0x0000000000000004	23316	48035680	8388604	6479912
1789671610	340.01	64	100	1890	0x0000000000000004	23316	47779324	8388604	6479912
1789671612	339.92	64	100	1875	0x0000000000000004	23316	47447448	8388604	6048844
1789671614	338.41	64	100	1890	0x0000000000000004	23316	47871600	8388604	6479908
1789671616	335.80	64	100	1875	0x0000000000000004	23316	47898004	8388604	6479908
1789671618	340.28	63	100	1890	0x0000000000000004	23316	47942048	8388604	6479908
1789671620	337.01	64	100	1890	0x0000000000000004	23316	47998848	8388604	6479908
1789671622	335.06	63	100	1845	0x0000000000000004	23316	48019216	8388604	6479908
1789671624	341.22	65	100	1590	0x0000000000000004	23316	47842608	8388604	6479908
1789671626	337.06	64	100	1755	0x0000000000000004	23316	47751868	8388604	6479908
1789671628	339.03	64	100	1875	0x0000000000000004	23316	47767028	8388604	6479908
1789671630	338.53	64	100	1890	0x0000000000000004	23316	47770800	8388604	6479908
1789671632	335.73	63	100	1815	0x0000000000000004	23316	47786792	8388604	6479908
1789671634	342.50	65	100	1590	0x0000000000000004	23316	47860680	8388604	6479908
1789671636	342.73	64	100	1905	0x0000000000000004	23316	47829556	8388604	6479908
1789671638	336.97	64	100	1875	0x0000000000000004	23316	47832208	8388604	6479908
1789671640	336.32	63	100	1830	0x0000000000000004	23316	47845984	8388604	6479908
1789671642	339.17	66	100	1575	0x0000000000000004	23316	47851288	8388604	6479908
1789671644	337.84	64	100	1875	0x0000000000000004	23316	47842896	8388604	6479908
1789671646	337.60	65	100	1845	0x0000000000000004	23316	47842092	8388604	6479908
1789671648	343.14	65	100	1605	0x0000000000000004	23316	47838164	8388604	6479908
1789671650	337.16	64	100	1875	0x0000000000000004	23316	47861708	8388604	6479908
1789671652	338.99	65	100	1665	0x0000000000000004	23316	47857848	8388604	6479908
1789671654	337.78	64	100	1875	0x0000000000000004	23316	47855380	8388604	6479908
1789671656	337.46	64	100	1875	0x0000000000000004	23316	47861716	8388604	6479908
1789671658	339.57	65	100	1605	0x0000000000000004	23316	47862152	8388604	6479908
1789671660	338.73	64	100	1890	0x0000000000000004	23316	47848216	8388604	6479908
1789671662	337.58	65	100	1605	0x0000000000000004	23316	47850124	8388604	6479908
1789671664	338.40	63	100	1890	0x0000000000000004	23316	47821448	8388604	6479908
1789671666	340.37	65	100	1590	0x0000000000000004	23316	47853324	8388604	6479908
1789671668	339.01	64	98	1890	0x0000000000000004	23316	47855908	8388604	6479908
1789671670	339.32	65	100	1575	0x0000000000000004	23316	48327916	8388604	6479908
1789671672	339.26	63	100	1890	0x0000000000000004	23316	48346864	8388604	6479908
1789671674	336.45	65	100	1875	0x0000000000000004	23316	47813200	8388604	6335388
1789671676	339.13	63	100	1830	0x0000000000000004	23316	48277668	8388604	6479908
1789671678	339.24	65	100	1890	0x0000000000000004	23316	48266676	8388604	6479908
1789671680	341.45	66	100	1590	0x0000000000000004	23316	48281072	8388604	6479908
1789671682	341.43	64	100	1890	0x0000000000000004	23316	48276200	8388604	6479908
1789671685	341.59	65	100	1890	0x0000000000000004	23316	48295344	8388604	6479908
1789671687	339.48	65	100	1725	0x0000000000000004	23316	48297588	8388604	6479908
1789671689	338.58	64	100	1890	0x0000000000000004	23316	48324276	8388604	6479908
1789671691	337.80	65	100	1890	0x0000000000000004	23316	48344400	8388604	6479908
1789671693	345.85	63	100	1635	0x0000000000000004	23316	48361056	8388604	6479908
1789671695	340.66	64	100	1890	0x0000000000000004	23316	48351784	8388604	6479908
1789671697	339.28	64	100	1875	0x0000000000000004	23316	48345248	8388604	6479908
1789671699	342.60	65	97	1605	0x0000000000000004	23316	48376052	8388604	6479908
1789671701	341.11	63	100	1800	0x0000000000000004	23316	48365040	8388604	6479908
1789671703	340.16	64	100	1875	0x0000000000000004	23316	48375980	8388604	6479908
1789671705	338.67	65	100	1890	0x0000000000000004	23316	48364352	8388604	6479908
1789671707	340.89	65	100	1800	0x0000000000000004	23316	48341284	8388604	6479908
1789671709	344.51	65	100	1590	0x0000000000000004	23316	48324216	8388604	6479908
1789671711	339.81	64	100	1845	0x0000000000000004	23316	48337020	8388604	6479908
1789671713	340.05	64	100	1890	0x0000000000000004	23316	48372424	8388604	6479908
1789671715	338.35	64	100	1890	0x0000000000000004	23316	48348496	8388604	6479908
1789671717	335.78	65	100	1875	0x0000000000000004	23316	48328748	8388604	6479908
1789671719	336.12	65	100	1875	0x0000000000000004	23316	48115392	8388604	6479908
1789671721	335.01	66	100	1590	0x0000000000000004	23316	48100984	8388604	6479908
1789671723	338.74	66	100	1575	0x0000000000000004	23316	48114092	8388604	6479908
1789671725	342.14	65	100	1590	0x0000000000000004	23316	48142452	8388604	6479908
1789671727	343.48	65	100	1740	0x0000000000000004	23316	48141724	8388604	6479908
1789671729	339.89	64	100	1830	0x0000000000000004	23316	48160908	8388604	6479908
1789671731	339.32	63	100	1875	0x0000000000000004	23316	48192512	8388604	6479908
1789671733	342.94	64	100	1890	0x0000000000000004	23316	48201136	8388604	6479908
1789671735	340.55	64	100	1890	0x0000000000000004	23316	48197624	8388604	6479908
1789671737	336.98	64	100	1890	0x0000000000000004	23316	47795060	8388604	6479908
1789671739	338.11	64	100	1890	0x0000000000000004	23316	47648616	8388604	6000240
1789671741	341.11	64	100	1890	0x0000000000000004	23316	48111312	8388604	6479908
1789671743	340.38	64	100	1890	0x0000000000000004	23316	48130860	8388604	6479908
1789671745	337.13	63	100	1890	0x0000000000000004	23316	48155500	8388604	6479908
1789671747	341.06	64	100	1875	0x0000000000000004	23316	48124384	8388604	6479908
1789671749	341.29	64	100	1845	0x0000000000000004	23316	48206916	8388604	6479908
1789671751	344.50	65	100	1785	0x0000000000000004	23316	48191676	8388604	6479908
1789671753	341.36	65	100	1635	0x0000000000000004	23316	48170532	8388604	6479908
1789671755	346.45	64	100	1590	0x0000000000000004	23316	48175892	8388604	6479908
1789671757	343.20	65	100	1590	0x0000000000000004	23316	48155292	8388604	6479912
1789671759	336.96	65	100	1905	0x0000000000000004	23316	48173800	8388604	6479912
1789671761	336.63	65	100	1875	0x0000000000000004	23316	48193940	8388604	6479912
1789671763	336.99	65	100	1890	0x0000000000000004	23316	48204436	8388604	6479912
1789671765	340.42	65	100	1890	0x0000000000000004	23316	48203900	8388604	6479912
1789671767	339.76	64	100	1875	0x0000000000000004	23316	48206412	8388604	6479912
1789671769	346.65	64	100	1755	0x0000000000000004	23316	48198128	8388604	6479912
1789671771	346.65	65	100	1605	0x0000000000000004	23316	48142792	8388604	6479912
1789671773	338.81	65	100	1905	0x0000000000000004	23316	48125560	8388604	6479912
1789671775	333.93	65	100	1875	0x0000000000000004	23316	48185736	8388604	6479912
1789671778	340.95	64	100	1890	0x0000000000000004	23316	48176292	8388604	6479912
1789671780	344.04	65	100	1830	0x0000000000000004	23316	48184848	8388604	6479912
1789671782	347.59	65	100	1590	0x0000000000000004	23316	48146584	8388604	6479912
1789671784	339.15	65	100	1890	0x0000000000000004	23316	48188244	8388604	6479912
1789671786	340.75	65	100	1890	0x0000000000000004	23316	48190512	8388604	6479912
1789671788	343.59	64	100	1845	0x0000000000000004	23316	48204164	8388604	6479912
1789671790	345.24	65	100	1605	0x0000000000000004	23316	48228816	8388604	6479912
1789671792	339.01	65	100	1890	0x0000000000000004	23316	48206740	8388604	6479912
1789671794	339.26	64	100	1890	0x0000000000000004	23316	48222408	8388604	6479912
1789671796	345.78	64	100	1770	0x0000000000000004	23316	48217108	8388604	6479912
1789671798	337.70	65	100	1905	0x0000000000000004	23316	48219752	8388604	6479912
1789671800	336.11	64	100	1875	0x0000000000000004	23316	48218440	8388604	6479912
1789671802	340.36	63	100	1830	0x0000000000000004	23316	47729356	8388604	6189476
1789671804	340.35	65	100	1605	0x0000000000000004	23316	48089988	8388604	6479912
1789671806	337.41	64	100	1890	0x0000000000000004	23316	48142020	8388604	6479912
1789671808	340.86	65	100	1830	0x0000000000000004	23316	48168244	8388604	6479912
1789671810	338.52	65	100	1905	0x0000000000000004	23316	48151256	8388604	6479912
1789671812	337.17	64	100	1875	0x0000000000000004	23316	48134728	8388604	6479912
1789671814	346.82	65	100	1635	0x0000000000000004	23316	48158284	8388604	6479912
1789671816	338.71	65	100	1875	0x0000000000000004	23316	48194452	8388604	6479912
1789671818	339.20	63	100	1875	0x0000000000000004	23316	48231128	8388604	6479912
1789671820	342.78	65	100	1590	0x0000000000000004	23316	48220956	8388604	6479912
1789671822	336.04	64	100	1890	0x0000000000000004	23316	48210228	8388604	6479912
1789671824	337.77	63	100	1590	0x0000000000000004	23316	48015248	8388604	6479912
1789671826	337.84	64	100	1890	0x0000000000000004	23316	48035076	8388604	6479912
1789671828	345.07	63	100	1740	0x0000000000000004	23316	48011088	8388604	6479912
1789671830	339.33	65	100	1890	0x0000000000000004	23316	48010076	8388604	6479912
1789671832	342.18	63	100	1845	0x0000000000000004	23316	48005704	8388604	6479912
1789671834	338.17	65	100	1890	0x0000000000000004	23316	48021072	8388604	6479912
1789671836	340.62	64	100	1875	0x0000000000000004	23316	47986560	8388604	6479912
1789671838	342.71	65	100	1890	0x0000000000000004	23316	48016508	8388604	6479912
1789671840	340.27	64	100	1875	0x0000000000000004	23316	48023920	8388604	6479912
1789671842	341.07	65	100	1890	0x0000000000000004	23316	48047580	8388604	6479912
1789671844	336.20	63	100	1875	0x0000000000000004	23316	48035036	8388604	6479912
1789671846	342.10	65	100	1890	0x0000000000000004	23316	48055180	8388604	6479912
1789671848	339.72	64	100	1875	0x0000000000000004	23316	48018768	8388604	6479912
1789671850	340.94	65	100	1890	0x0000000000000004	23316	48046132	8388604	6479912
1789671852	339.28	65	100	1815	0x0000000000000004	23316	48061408	8388604	6479912
1789671854	343.33	65	100	1890	0x0000000000000004	23316	48080656	8388604	6479912
1789671856	347.02	64	100	1590	0x0000000000000004	23316	48046068	8388604	6479912
1789671858	336.42	64	100	1875	0x0000000000000004	23316	48065140	8388604	6479912
1789671860	343.06	65	100	1590	0x0000000000000004	23316	48086628	8388604	6479912
1789671862	334.20	63	100	1890	0x0000000000000004	23316	48063412	8388604	6479912
1789671864	344.58	65	100	1890	0x0000000000000004	23316	47572036	8388604	6479912
1789671866	343.23	63	100	1815	0x0000000000000004	23316	47548512	8388604	6153928
1789671868	337.81	65	100	1890	0x0000000000000004	23316	47928224	8388604	6479912
1789671871	343.11	65	100	1575	0x0000000000000004	23316	47932948	8388604	6479912
1789671873	336.18	63	100	1890	0x0000000000000004	23316	47990976	8388604	6479912
1789671875	341.71	65	100	1890	0x0000000000000004	23316	47990172	8388604	6479912
1789671877	346.78	65	100	1575	0x0000000000000004	23316	48028432	8388604	6479912
1789671879	335.25	64	100	1875	0x0000000000000004	23316	48051244	8388604	6479912
1789671881	343.71	65	100	1890	0x0000000000000004	23316	48027500	8388604	6479912
1789671883	341.79	63	100	1755	0x0000000000000004	23316	48021960	8388604	6479912
1789671885	335.10	65	100	1890	0x0000000000000004	23316	48049224	8388604	6479912
1789671887	343.04	65	100	1890	0x0000000000000004	23316	48052956	8388604	6479912
1789671889	341.20	65	100	1680	0x0000000000000004	23316	48042552	8388604	6479912
1789671891	337.06	64	100	1890	0x0000000000000004	23316	48028360	8388604	6479912
1789671893	342.85	65	100	1890	0x0000000000000004	23316	48047936	8388604	6479912
1789671895	346.35	65	100	1605	0x0000000000000004	23316	48050100	8388604	6479912
1789671897	340.19	63	100	1890	0x0000000000000004	23316	48031600	8388604	6479912
1789671899	341.29	65	100	1890	0x0000000000000004	23316	48028236	8388604	6479912
1789671901	342.65	65	100	1920	0x0000000000000004	23316	48071808	8388604	6479912
1789671903	346.25	64	100	1725	0x0000000000000004	23316	48078536	8388604	6479912
1789671905	334.62	64	98	1890	0x0000000000000004	23316	48075584	8388604	6479912
1789671907	342.72	65	100	1890	0x0000000000000004	23316	48076384	8388604	6479912
1789671909	343.06	65	100	1905	0x0000000000000004	23316	48042796	8388604	6479912
1789671911	345.53	64	100	1740	0x0000000000000004	23316	48040736	8388604	6479912
1789671913	335.14	64	100	1875	0x0000000000000004	23316	48048172	8388604	6479912
1789671915	337.63	65	100	1890	0x0000000000000004	23316	48034964	8388604	6479912
1789671917	339.05	64	100	1875	0x0000000000000004	23316	48062180	8388604	6479912
1789671919	345.73	65	100	1590	0x0000000000000004	23316	48062412	8388604	6479912
1789671921	342.85	63	100	1800	0x0000000000000004	23316	48046752	8388604	6479912
1789671923	335.47	64	100	1890	0x0000000000000004	23316	48077608	8388604	6479912
1789671925	342.80	64	100	1890	0x0000000000000004	23316	48117584	8388604	6479912
1789671927	341.67	65	100	1890	0x0000000000000004	23316	48118044	8388604	6479912
1789671929	342.58	64	100	1920	0x0000000000000004	23316	47533708	8388604	6479912
1789671931	344.67	65	100	1590	0x0000000000000004	23316	47441260	8388604	6170088
1789671933	345.36	64	100	1800	0x0000000000000004	23316	47449800	8388604	5978648
1789671935	337.83	63	100	1890	0x0000000000000004	23316	47897976	8388604	6479912
1789671937	343.73	65	100	1605	0x0000000000000004	23316	47907796	8388604	6479912
1789671939	336.63	64	100	1875	0x0000000000000004	23316	47896408	8388604	6479912
1789671941	339.66	64	100	1875	0x0000000000000004	23316	47908248	8388604	6479912
1789671943	345.36	64	100	1800	0x0000000000000004	23316	47926652	8388604	6479912
1789671945	348.39	64	99	1815	0x0000000000000004	23316	47953832	8388604	6479912
1789671947	243.74	60	0	1950	0x0000000000000000	23316	50369720	8388604	6479912
1789671949	149.04	59	0	1695	0x0000000000000000	23316	50401348	8388604	6479912
1789671951	120.80	57	0	1695	0x0000000000000000	23316	50415860	8388604	6479912
1789671953	120.24	56	0	1695	0x0000000000000000	23316	50412664	8388604	6479912
1789671955	119.13	56	0	1695	0x0000000000000000	23316	50413408	8388604	6479912
1789671957	118.32	55	0	1695	0x0000000000000000	23316	50428800	8388604	6479912
1789671959	117.63	54	0	1695	0x0000000000000000	23316	50433376	8388604	6479912
1789671961	117.71	54	0	1695	0x0000000000000000	23316	50421872	8388604	6479912
1789671963	117.48	54	0	1695	0x0000000000000000	23316	50356648	8388604	6479912
1789671966	39.45	51	0	210	0x0000000000000001	23316	50332908	8388604	6479912
1789671968	23.81	51	0	210	0x0000000000000001	23316	50322836	8388604	6479912
1789671970	21.83	50	0	210	0x0000000000000001	23316	50321716	8388604	6479912
1789671972	21.94	49	0	210	0x0000000000000001	23316	50365488	8388604	6479912
1789671974	31.53	49	0	210	0x0000000000000001	23316	50396992	8388604	6479912
1789671976	21.86	48	0	210	0x0000000000000001	23316	50390872	8388604	6479912
1789671978	21.46	47	0	210	0x0000000000000001	23316	50374652	8388604	6479912
1789671980	113.85	55	100	1785	0x0000000000000004	23316	49874308	8388604	6479912
1789671982	347.47	57	100	1815	0x0000000000000004	23316	49867316	8388604	6479912
1789671984	273.72	53	99	1965	0x0000000000000004	23316	50033464	8388604	6479912
1789671986	143.07	52	0	1965	0x0000000000000000	23316	50422100	8388604	6479912
1789671988	115.09	51	0	1695	0x0000000000000000	23316	50389104	8388604	6479912
1789671990	114.55	51	0	1695	0x0000000000000000	23316	50423348	8388604	6479912
1789671992	114.59	50	0	1695	0x0000000000000000	23316	50419696	8388604	6479912
1789671994	114.32	50	0	1695	0x0000000000000000	23316	50353792	8388604	6479912
1789671996	114.50	50	0	1695	0x0000000000000000	23316	49926820	8388604	6153228
1789671998	114.28	50	0	1695	0x0000000000000000	23316	50378316	8388604	6479912
1789672000	113.82	50	0	1695	0x0000000000000000	23316	50429524	8388604	6479912
1789672002	32.66	47	0	210	0x0000000000000001	23316	50458092	8388604	6479912
1789672004	21.88	46	0	210	0x0000000000000001	23316	50463944	8388604	6479912
1789672006	21.51	46	0	210	0x0000000000000001	23316	50479456	8388604	6479912
1789672008	23.28	45	0	210	0x0000000000000001	23316	50511160	8388604	6479912
1789672010	22.41	45	0	210	0x0000000000000001	23316	50521504	8388604	6479912
1789672012	21.39	44	0	210	0x0000000000000001	23316	50527756	8388604	6479912
1789672014	21.75	44	0	210	0x0000000000000001	23316	50512360	8388604	6479912
1789672016	30.43	44	0	210	0x0000000000000001	23316	50492616	8388604	6479912
1789672018	21.73	43	0	210	0x0000000000000001	23316	50488980	8388604	6479912
1789672020	21.30	43	0	210	0x0000000000000001	23316	50510396	8388604	6479912
1789672022	22.13	42	0	210	0x0000000000000001	23316	50502348	8388604	6479912
1789672024	22.64	43	0	210	0x0000000000000001	23316	50520088	8388604	6479912
1789672026	21.33	42	0	210	0x0000000000000004	23316	50492040	8388604	6479912
1789672028	21.38	42	0	210	0x0000000000000001	23316	50496836	8388604	6479912
1789672030	30.03	42	0	210	0x0000000000000001	23316	50509608	8388604	6479912
1789672032	21.33	41	0	210	0x0000000000000001	23316	50510948	8388604	6479912
1789672034	21.50	41	0	210	0x0000000000000001	23316	50524052	8388604	6479912
1789672036	21.19	41	0	210	0x0000000000000001	23316	50503764	8388604	6479912
1789672038	22.80	41	0	210	0x0000000000000001	23316	50517592	8388604	6479912
1789672041	21.22	40	0	210	0x0000000000000001	23316	50515016	8388604	6479912
1789672043	21.22	40	0	210	0x0000000000000004	23316	50503836	8388604	6479912
1789672045	29.08	40	0	210	0x0000000000000001	23316	50505708	8388604	6479912
1789672047	22.37	40	0	210	0x0000000000000004	23316	50507980	8388604	6479912
1789672049	21.29	39	0	210	0x0000000000000001	23316	50506916	8388604	6479912
1789672051	20.94	39	0	210	0x0000000000000001	23316	50503212	8388604	6479912
1789672053	29.27	39	0	210	0x0000000000000001	23316	50510296	8388604	6479912
1789672055	21.03	38	0	210	0x0000000000000001	23316	50513160	8388604	6479912
1789672057	20.91	38	0	210	0x0000000000000004	23316	50513824	8388604	6479912
1789672059	24.79	38	0	210	0x0000000000000001	23316	50031164	8388604	6469468
1789672061	22.81	38	0	210	0x0000000000000001	23316	50478748	8388604	6479912
1789672063	21.05	38	0	210	0x0000000000000004	23316	50479852	8388604	6479912
1789672065	21.19	37	0	210	0x0000000000000001	23316	50490936	8388604	6479912
1789672067	28.93	38	0	210	0x0000000000000001	23316	50474188	8388604	6479912
1789672069	21.35	37	0	210	0x0000000000000001	23316	50479028	8388604	6479912
1789672071	20.94	37	0	210	0x0000000000000001	23316	50469348	8388604	6479912
1789672073	24.07	37	0	210	0x0000000000000001	23316	50486368	8388604	6479912
1789672075	22.17	37	0	210	0x0000000000000004	23316	50498244	8388604	6479912
1789672077	20.98	36	0	210	0x0000000000000001	23316	50497424	8388604	6479912
1789672079	21.12	36	0	210	0x0000000000000004	23316	50429628	8388604	6479912
1789672081	29.21	36	0	210	0x0000000000000001	23316	50429436	8388604	6479912
1789672083	20.97	36	0	210	0x0000000000000004	23316	50494888	8388604	6479912
1789672085	21.39	36	0	210	0x0000000000000001	23316	50483216	8388604	6479912
1789672087	23.75	36	1	210	0x0000000000000004	23316	50477400	8388604	6479912
1789672089	22.50	36	0	210	0x0000000000000001	23316	50477080	8388604	6479912
1789672091	20.95	35	0	210	0x0000000000000004	23316	50484656	8388604	6479912
1789672093	21.05	35	0	210	0x0000000000000001	23316	50501644	8388604	6479912
1789672095	28.86	35	0	210	0x0000000000000001	23316	50511836	8388604	6479912
1789672097	21.33	35	0	210	0x0000000000000001	23316	50516972	8388604	6479912
1789672099	21.05	35	0	210	0x0000000000000004	23316	50536304	8388604	6479912
1789672101	23.02	35	0	210	0x0000000000000001	23316	50530100	8388604	6479912
1789672103	21.97	35	0	210	0x0000000000000001	23316	50518184	8388604	6479912
1789672105	21.10	34	0	210	0x0000000000000004	23316	50532320	8388604	6479912
1789672107	21.31	34	0	210	0x0000000000000004	23316	50515072	8388604	6479912
1789672109	29.01	35	0	210	0x0000000000000001	23316	50529248	8388604	6479912
1789672112	21.43	34	0	210	0x0000000000000001	23316	50549096	8388604	6479912
1789672114	21.00	34	0	210	0x0000000000000004	23316	50515768	8388604	6479912
1789672116	22.16	34	0	210	0x0000000000000004	23316	50538744	8388604	6479912
1789672118	22.18	34	0	210	0x0000000000000001	23316	50502504	8388604	6479912
1789672120	20.95	34	0	210	0x0000000000000001	23316	50505448	8388604	6479912
1789672122	21.14	33	0	210	0x0000000000000004	23316	50062712	8388604	6479912
1789672124	28.93	34	0	210	0x0000000000000001	23316	49990388	8388604	5973792
1789672126	21.20	33	0	210	0x0000000000000001	23316	50489668	8388604	6479912
1789672128	21.09	33	0	210	0x0000000000000004	23316	50487312	8388604	6479912
1789672130	21.31	33	0	210	0x0000000000000001	23316	50499572	8388604	6479912
1789672132	21.78	33	0	210	0x0000000000000001	23316	50497772	8388604	6479912
1789672134	21.12	33	0	210	0x0000000000000004	23316	50507720	8388604	6479912
1789672136	21.12	33	0	210	0x0000000000000001	23316	50490076	8388604	6479912
1789672138	29.30	33	0	210	0x0000000000000001	23316	50517808	8388604	6479912
1789672140	21.42	33	0	210	0x0000000000000001	23316	50505100	8388604	6479912
1789672142	21.02	32	0	210	0x0000000000000004	23316	50498392	8388604	6479912
1789672144	21.04	32	0	210	0x0000000000000001	23316	50520892	8388604	6479912
1789672146	28.61	33	0	210	0x0000000000000004	23316	50532964	8388604	6479912
1789672148	20.86	32	0	210	0x0000000000000004	23316	50519332	8388604	6479912
1789672150	20.94	32	0	210	0x0000000000000001	23316	50520336	8388604	6479912
1789672152	24.65	33	0	210	0x0000000000000001	23316	50503348	8388604	6479912
1789672154	21.76	33	0	210	0x0000000000000001	23316	50483220	8388604	6479912
1789672156	20.78	32	0	210	0x0000000000000004	23316	50480768	8388604	6479912
1789672158	20.79	32	0	210	0x0000000000000001	23316	50475424	8388604	6479912
1789672160	28.95	33	0	210	0x0000000000000001	23316	50494800	8388604	6479912
1789672162	21.08	32	0	210	0x0000000000000001	23316	50492636	8388604	6479912
1789672164	20.77	32	0	210	0x0000000000000004	23316	50528560	8388604	6479912
1789672166	24.09	33	0	210	0x0000000000000001	23316	50518284	8388604	6479912
1789672168	21.93	33	0	210	0x0000000000000001	23316	50541492	8388604	6479912
1789672170	20.81	32	0	210	0x0000000000000004	23316	50534856	8388604	6479912
1789672172	20.90	32	0	210	0x0000000000000001	23316	50546896	8388604	6479912
1789672174	28.67	33	0	210	0x0000000000000001	23316	50520920	8388604	6479912
1789672176	20.82	32	0	210	0x0000000000000001	23316	50525620	8388604	6479912
1789672178	20.70	32	0	210	0x0000000000000004	23316	50511656	8388604	6479912
1789672180	23.71	32	0	210	0x0000000000000001	23316	50510952	8388604	6479912
1789672183	22.22	33	0	210	0x0000000000000001	23316	50488568	8388604	6479912
1789672185	20.71	32	0	210	0x0000000000000004	23316	50370928	8388604	6479912
1789672187	20.98	32	0	210	0x0000000000000001	23316	49988552	8388604	6123528
1789672189	28.41	32	0	210	0x0000000000000001	23316	50507188	8388604	6479912
1789672191	21.16	32	0	210	0x0000000000000001	23316	50519364	8388604	6479912
1789672193	20.77	32	0	210	0x0000000000000004	23316	50513348	8388604	6479912
1789672195	23.11	32	0	210	0x0000000000000001	23316	50487980	8388604	6479912
1789672197	21.91	32	0	210	0x0000000000000001	23316	50490220	8388604	6479912
1789672199	20.81	32	0	210	0x0000000000000004	23316	50501604	8388604	6479912
1789672201	20.82	32	0	210	0x0000000000000001	23316	50518612	8388604	6479912
1789672203	28.78	32	0	210	0x0000000000000001	23316	50537444	8388604	6479912
1789672205	20.80	32	0	210	0x0000000000000001	23316	50524624	8388604	6479912
1789672207	20.74	32	0	210	0x0000000000000004	23316	50500644	8388604	6479912
1789672209	22.55	32	0	210	0x0000000000000001	23316	50512376	8388604	6479912
1789672211	22.17	32	0	210	0x0000000000000001	23316	50510012	8388604	6479912
1789672213	20.88	32	0	210	0x0000000000000004	23316	50513564	8388604	6479912
1789672215	21.02	32	0	210	0x0000000000000001	23316	50529800	8388604	6479912
1789672217	28.58	32	0	210	0x0000000000000001	23316	50511524	8388604	6479912
1789672219	21.07	32	0	210	0x0000000000000001	23316	50536868	8388604	6479912
1789672221	20.76	32	0	210	0x0000000000000004	23316	50534148	8388604	6479912
1789672223	21.53	32	0	210	0x0000000000000004	23316	50525604	8388604	6479912
1789672225	21.61	32	0	210	0x0000000000000001	23316	50472272	8388604	6479912
1789672227	20.75	32	0	210	0x0000000000000001	23316	50464716	8388604	6479912
1789672229	20.80	32	0	210	0x0000000000000004	23316	50459964	8388604	6479912
1789672231	28.77	32	0	210	0x0000000000000001	23316	50458636	8388604	6479912
1789672233	21.27	32	0	210	0x0000000000000001	23316	50519272	8388604	6479912
1789672235	20.82	32	0	210	0x0000000000000001	23316	50510460	8388604	6479912
1789672237	20.81	32	0	210	0x0000000000000001	23316	50496136	8388604	6479912
1789672239	21.98	32	0	210	0x0000000000000001	23316	50511948	8388604	6479912
1789672241	20.70	31	0	210	0x0000000000000004	23316	50493156	8388604	6479912
1789672243	20.85	31	0	210	0x0000000000000001	23316	50490976	8388604	6479912
1789672245	28.75	32	0	210	0x0000000000000001	23316	50521444	8388604	6479912
1789672247	21.03	31	0	210	0x0000000000000001	23316	50520500	8388604	6479912
1789672249	20.89	31	0	210	0x0000000000000004	23316	50020756	8388604	6479912
1789672251	20.84	31	0	210	0x0000000000000001	23316	49980280	8388604	5973608
1789672253	22.50	32	0	210	0x0000000000000001	23316	50421496	8388604	6479912
1789672256	21.01	31	0	210	0x0000000000000001	23316	50419540	8388604	6479912
1789672258	21.08	31	0	210	0x0000000000000004	23316	50448928	8388604	6479912
1789672260	28.25	32	0	210	0x0000000000000001	23316	50491140	8388604	6479912
1789672262	22.23	32	0	210	0x0000000000000001	23316	50513212	8388604	6479912
1789672264	20.84	31	0	210	0x0000000000000004	23316	50555412	8388604	6479912
1789672266	20.95	31	0	210	0x0000000000000001	23316	50576420	8388604	6479912
1789672268	28.59	32	0	210	0x0000000000000001	23316	50563248	8388604	6479912
1789672270	21.03	31	0	210	0x0000000000000001	23316	50569568	8388604	6479912
1789672272	20.87	31	0	210	0x0000000000000004	23316	50595064	8388604	6479912
1789672274	24.39	32	0	210	0x0000000000000001	23316	50564744	8388604	6479912
1789672276	21.66	32	0	210	0x0000000000000001	23316	50548364	8388604	6479912
1789672278	20.75	31	0	210	0x0000000000000004	23316	50540544	8388604	6479912
1789672280	20.94	31	0	210	0x0000000000000001	23316	50542384	8388604	6479912
1789672282	28.91	31	0	210	0x0000000000000001	23316	50580116	8388604	6479912
1789672284	21.21	31	0	210	0x0000000000000001	23316	50593652	8388604	6479912
1789672286	20.82	31	0	210	0x0000000000000004	23316	50604092	8388604	6479912
1789672288	23.86	31	0	210	0x0000000000000001	23316	50582980	8388604	6479912
1789672290	22.00	31	0	210	0x0000000000000001	23316	50561948	8388604	6479912
1789672292	20.85	31	0	210	0x0000000000000001	23316	50540456	8388604	6479912
1789672294	20.97	31	0	210	0x0000000000000004	23316	50548048	8388604	6479912
1789672296	28.72	31	0	210	0x0000000000000001	23316	50572840	8388604	6479912
1789672298	20.95	31	0	210	0x0000000000000001	23316	50582912	8388604	6479912
1789672300	20.90	31	0	210	0x0000000000000004	23316	50580228	8388604	6479912
1789672302	23.51	31	0	210	0x0000000000000004	23316	50617104	8388604	6479912
1789672304	22.43	31	0	210	0x0000000000000001	23316	50611912	8388604	6479912
1789672306	20.98	31	0	210	0x0000000000000004	23316	50580188	8388604	6479912
1789672308	21.28	31	0	210	0x0000000000000001	23316	50597660	8388604	6479912
1789672310	28.32	31	0	210	0x0000000000000001	23316	50577880	8388604	6479912
1789672312	21.31	31	0	210	0x0000000000000001	23316	50568756	8388604	6479912
1789672314	21.00	31	0	210	0x0000000000000004	23316	50052356	8388604	6279488
1789672316	22.88	31	0	210	0x0000000000000001	23316	50049572	8388604	5973512
1789672318	22.05	31	0	210	0x0000000000000001	23316	50547836	8388604	6479912
1789672320	21.00	31	0	210	0x0000000000000004	23316	50554280	8388604	6479912
1789672322	21.06	31	0	210	0x0000000000000001	23316	50595948	8388604	6479912
1789672324	28.92	31	0	210	0x0000000000000001	23316	50583488	8388604	6479912
1789672327	21.07	31	0	210	0x0000000000000001	23316	50585516	8388604	6479912
1789672329	21.02	31	0	210	0x0000000000000004	23316	50579848	8388604	6479912
1789672331	22.29	31	0	210	0x0000000000000004	23316	50558728	8388604	6479912
1789672333	22.27	31	0	210	0x0000000000000001	23316	50553556	8388604	6479912
1789672335	20.98	30	0	210	0x0000000000000001	23316	50570016	8388604	6479912
1789672337	21.08	30	0	210	0x0000000000000004	23316	50590412	8388604	6479912
1789672339	28.58	31	0	210	0x0000000000000001	23316	50574324	8388604	6479912
1789672341	21.05	30	0	210	0x0000000000000001	23316	50585088	8388604	6479912
1789672343	20.84	30	0	210	0x0000000000000004	23316	50554696	8388604	6479912
1789672345	21.05	30	0	210	0x0000000000000004	23316	50571772	8388604	6479912
1789672347	21.62	31	0	210	0x0000000000000001	23316	50587340	8388604	6479912
1789672349	20.84	30	0	210	0x0000000000000004	23316	50566368	8388604	6479912
1789672351	21.00	30	0	210	0x0000000000000001	23316	50564456	8388604	6479912
1789672353	28.90	31	0	210	0x0000000000000001	23316	50584288	8388604	6479912
1789672355	21.19	30	0	210	0x0000000000000001	23316	50571252	8388604	6479912
1789672357	20.82	30	0	210	0x0000000000000001	23316	50577272	8388604	6479912
1789672359	20.93	30	0	210	0x0000000000000001	23316	50600276	8388604	6479912
1789672361	28.53	31	0	210	0x0000000000000001	23316	50575024	8388604	6479912
1789672363	21.07	30	0	210	0x0000000000000001	23316	50573264	8388604	6479912
1789672365	20.92	30	0	210	0x0000000000000004	23316	50589756	8388604	6479912
1789672367	24.56	31	0	210	0x0000000000000001	23316	50562884	8388604	6479912
1789672369	21.79	31	0	210	0x0000000000000001	23316	50573424	8388604	6479912
1789672371	20.90	30	0	210	0x0000000000000004	23316	50589256	8388604	6479912
1789672373	20.94	30	0	210	0x0000000000000001	23316	50594068	8388604	6479912
1789672375	28.82	30	0	210	0x0000000000000001	23316	50592192	8388604	6479912
1789672377	21.25	30	0	210	0x0000000000000001	23316	50589800	8388604	6479912
1789672379	20.88	30	0	210	0x0000000000000004	23316	50106560	8388604	6160596
1789672381	24.07	30	0	210	0x0000000000000001	23316	50505912	8388604	6479916
1789672383	22.19	30	0	210	0x0000000000000001	23316	50501392	8388604	6479916
1789672385	20.83	30	0	210	0x0000000000000001	23316	50529672	8388604	6479916
1789672387	20.89	30	0	210	0x0000000000000001	23316	50553164	8388604	6479916
1789672389	28.61	30	0	210	0x0000000000000001	23316	50551992	8388604	6479916
1789672391	21.05	30	0	210	0x0000000000000001	23316	50524128	8388604	6479916
1789672393	20.78	30	0	210	0x0000000000000004	23316	50504224	8388604	6479916
1789672395	23.60	30	0	210	0x0000000000000001	23316	50479700	8388604	6479916
1789672398	21.56	30	0	210	0x0000000000000001	23316	50502916	8388604	6479916
1789672400	20.79	30	0	210	0x0000000000000004	23316	50523828	8388604	6479916
1789672402	20.98	30	0	210	0x0000000000000001	23316	50543676	8388604	6479916
1789672404	37.46	32	100	1695	0x0000000000000001	16	56248832	8388604	6479916
1789672406	131.91	34	0	2010	0x0000000000000000	19	55810848	8388604	6479916
1789672408	94.07	33	0	1695	0x0000000000000000	956	52802908	8388604	6479916
1789672410	188.55	38	0	1995	0x0000000000000000	1216	52686468	8388604	6479916
1789672412	242.80	40	66	1995	0x0000000000000000	1216	52637428	8388604	6479916
1789672414	222.26	37	78	1995	0x0000000000000000	1236	52539124	8388604	6479916
1789672416	173.62	37	100	1995	0x0000000000000004	1238	52497276	8388604	6479916
1789672418	180.53	37	100	1995	0x0000000000000000	1298	52459164	8388604	6479916
1789672420	213.18	40	4	1980	0x0000000000000004	1298	52489656	8388604	6479916
1789672422	181.07	39	22	1980	0x0000000000000000	1358	52556716	8388604	6479916
1789672424	182.78	40	42	1965	0x0000000000000004	1358	52583996	8388604	6479916
1789672426	183.92	38	21	1980	0x0000000000000004	1940	52557872	8388604	6479916
1789672428	205.36	39	55	1950	0x0000000000000000	8382	52737192	8388604	6479916
1789672430	266.73	42	79	1950	0x0000000000000004	18418	52725180	8388604	6479916
1789672432	136.38	38	0	1695	0x0000000000000000	20698	52402532	8388604	6479916
1789672434	106.54	37	0	1695	0x0000000000000000	20698	52380328	8388604	6479916
1789672436	106.50	37	0	1695	0x0000000000000000	20698	52391336	8388604	6479916
1789672438	106.50	37	0	1695	0x0000000000000000	20698	52357264	8388604	6479916
1789672440	106.25	37	0	1695	0x0000000000000000	20698	52375116	8388604	6479916
1789672442	106.30	37	0	1695	0x0000000000000000	20698	51888428	8388604	6437488
1789672444	106.25	37	0	1695	0x0000000000000000	20698	52267112	8388604	6479916
1789672446	106.19	37	0	1695	0x0000000000000000	20698	52305652	8388604	6479916
1789672448	99.67	35	0	1695	0x0000000000000000	20698	52131860	8388604	6479916
1789672450	37.71	37	0	1695	0x0000000000000001	23048	51653476	8388604	6479916
1789672452	349.77	44	100	1635	0x0000000000000004	23208	51604068	8388604	6479916
1789672454	348.57	45	100	1635	0x0000000000000004	23208	51559084	8388604	6479916
1789672456	347.02	46	100	1635	0x0000000000000004	23208	51576308	8388604	6479916
1789672458	344.64	47	100	1725	0x0000000000000004	23208	51614828	8388604	6479916
1789672460	342.31	48	100	1635	0x0000000000000004	23208	51664916	8388604	6479916
1789672462	340.81	48	100	1710	0x0000000000000004	23208	51704408	8388604	6479916
1789672464	341.71	48	100	1620	0x0000000000000004	23208	51694392	8388604	6479916
1789672466	343.11	48	100	1755	0x0000000000000004	23208	51713028	8388604	6479916
1789672468	341.29	49	100	1725	0x0000000000000004	23208	51777356	8388604	6479916
1789672470	341.10	50	100	1605	0x0000000000000004	23208	51758532	8388604	6479916
1789672472	337.66	50	100	1620	0x0000000000000004	23208	51768224	8388604	6479916
1789672474	336.16	50	100	1620	0x0000000000000004	23208	51798552	8388604	6479916
1789672476	334.52	51	100	1605	0x0000000000000004	23208	51827944	8388604	6479916
1789672478	336.31	51	100	1665	0x0000000000000004	23208	51805876	8388604	6479916
1789672480	336.79	52	100	1635	0x0000000000000004	23208	51801484	8388604	6479916
1789672482	332.40	51	100	1725	0x0000000000000004	23208	51639760	8388604	6479916
1789672484	331.17	52	100	1605	0x0000000000000004	23208	51629548	8388604	6479916
1789672487	332.76	53	100	1620	0x0000000000000004	23208	51605608	8388604	6479916
1789672489	332.78	53	100	1665	0x0000000000000004	23208	51622788	8388604	6479916
1789672491	332.74	52	100	1620	0x0000000000000004	23208	51624664	8388604	6479916
1789672493	331.80	53	100	1620	0x0000000000000004	23208	51653936	8388604	6479916
1789672495	333.84	53	100	1800	0x0000000000000004	23208	51644200	8388604	6479916
1789672497	331.05	53	100	1650	0x0000000000000004	23208	51663760	8388604	6479916
1789672499	333.96	54	100	1605	0x0000000000000004	23208	51674592	8388604	6479916
1789672501	328.90	54	100	1620	0x0000000000000004	23208	51709372	8388604	6479916
1789672503	331.04	53	100	1890	0x0000000000000004	23208	51709808	8388604	6479916
1789672505	327.67	55	100	1800	0x0000000000000004	23208	51436152	8388604	6479916
1789672507	336.85	55	100	1605	0x0000000000000004	23208	51158920	8388604	6042724
1789672509	334.79	55	97	1740	0x0000000000000004	23208	51592324	8388604	6479916
1789672511	331.16	54	100	1860	0x0000000000000004	23208	51566872	8388604	6479916
1789672513	333.15	54	100	1890	0x0000000000000004	23208	51604644	8388604	6479916
1789672515	332.44	55	100	1890	0x0000000000000004	23208	51634576	8388604	6479916
1789672517	333.06	55	100	1875	0x0000000000000004	23208	51634556	8388604	6479916
1789672519	333.97	56	100	1695	0x0000000000000004	23208	51666124	8388604	6479916
1789672521	328.75	55	100	1620	0x0000000000000004	23208	51686292	8388604	6479916
1789672523	333.67	57	100	1755	0x0000000000000004	23208	51656700	8388604	6479916
1789672525	327.97	56	100	1890	0x0000000000000004	23208	51688124	8388604	6479916
1789672527	323.82	57	100	1605	0x0000000000000004	23208	51505024	8388604	6479916
1789672529	330.31	57	100	1605	0x0000000000000004	23208	51487720	8388604	6479916
1789672531	335.92	58	100	1605	0x0000000000000004	23208	51496296	8388604	6479916
1789672533	338.32	57	98	1620	0x0000000000000004	23208	51501080	8388604	6479916
1789672535	333.06	58	100	1620	0x0000000000000004	23208	51478912	8388604	6479916
1789672537	329.57	57	100	1755	0x0000000000000004	23208	51470592	8388604	6479916
1789672539	330.57	57	100	1860	0x0000000000000004	23208	51476464	8388604	6479916
1789672541	333.81	59	100	1620	0x0000000000000004	23208	51490932	8388604	6479916
1789672543	331.47	58	98	1890	0x0000000000000004	23208	51535720	8388604	6479916
1789672545	335.56	59	100	1605	0x0000000000000004	23208	51527828	8388604	6479916
1789672547	332.95	57	100	1875	0x0000000000000004	23208	51520128	8388604	6479916
1789672549	335.39	58	100	1590	0x0000000000000004	23208	51516088	8388604	6479916
1789672551	331.39	59	100	1590	0x0000000000000004	23208	51507952	8388604	6479916
1789672553	333.68	59	100	1620	0x0000000000000004	23208	51504036	8388604	6479916
1789672555	334.27	59	100	1695	0x0000000000000004	23208	51534600	8388604	6479916
1789672557	334.33	60	98	1710	0x0000000000000004	23208	51535220	8388604	6479916
1789672559	336.15	60	100	1590	0x0000000000000004	23208	51528476	8388604	6479916
1789672561	334.57	60	100	1590	0x0000000000000004	23208	51512784	8388604	6479916
1789672563	328.43	60	100	1605	0x0000000000000004	23208	51503320	8388604	6479916
1789672565	334.12	59	100	1905	0x0000000000000004	23208	51519668	8388604	6479916
1789672567	335.31	60	100	1785	0x0000000000000004	23208	51522548	8388604	6479916
1789672569	335.46	60	100	1605	0x0000000000000004	23208	51020536	8388604	6305976
1789672571	334.73	59	100	1875	0x0000000000000004	23208	50977232	8388604	6206664
1789672573	330.55	61	100	1590	0x0000000000000004	23208	50984060	8388604	6138644
1789672575	330.33	60	100	1875	0x0000000000000004	23208	51017232	8388604	6015044
1789672578	334.64	61	100	1605	0x0000000000000004	23208	51489544	8388604	6479916
1789672580	338.70	60	100	1635	0x0000000000000004	23208	51524840	8388604	6479916
1789672582	337.35	60	100	1845	0x0000000000000004	23208	51548020	8388604	6479916
1789672584	326.79	60	100	1875	0x0000000000000004	23208	51347032	8388604	6479916
1789672586	331.55	60	100	1890	0x0000000000000004	23208	51364020	8388604	6479916
1789672588	335.05	61	100	1845	0x0000000000000004	23208	51370216	8388604	6479916
1789672590	332.28	61	100	1620	0x0000000000000004	23208	51414924	8388604	6479916
1789672592	333.03	61	100	1590	0x0000000000000004	23208	51409060	8388604	6479916
1789672594	340.40	61	100	1605	0x0000000000000004	23208	51421320	8388604	6479916
1789672596	335.68	62	100	1860	0x0000000000000004	23208	51411132	8388604	6479916
1789672598	334.53	61	100	1890	0x0000000000000004	23208	51421860	8388604	6479916
1789672600	333.32	61	100	1890	0x0000000000000004	23208	51404476	8388604	6479916
1789672602	332.66	62	100	1815	0x0000000000000004	23208	51381784	8388604	6479920
1789672604	335.90	62	100	1605	0x0000000000000004	23208	51410312	8388604	6479920
1789672606	335.19	62	100	1890	0x0000000000000004	23208	51380180	8388604	6479920
1789672608	332.58	61	100	1860	0x0000000000000004	23208	51422892	8388604	6479920
1789672610	337.08	62	100	1620	0x0000000000000004	23208	51401152	8388604	6479920
1789672612	337.28	61	100	1890	0x0000000000000004	23208	51432352	8388604	6479920
1789672614	336.15	62	100	1620	0x0000000000000004	23208	51411880	8388604	6479920
1789672616	336.98	62	100	1890	0x0000000000000004	23208	51410340	8388604	6479920
1789672618	338.09	63	100	1620	0x0000000000000004	23208	51420944	8388604	6479920
1789672620	337.85	62	100	1875	0x0000000000000004	23208	51400368	8388604	6479920
1789672622	334.71	64	100	1845	0x0000000000000004	23208	51421552	8388604	6479920
1789672624	337.10	63	100	1590	0x0000000000000004	23208	51423920	8388604	6479920
1789672626	338.49	62	100	1860	0x0000000000000004	23208	51411904	8388604	6479920
1789672628	333.44	62	100	1890	0x0000000000000004	23208	51405452	8388604	6479920
1789672630	336.38	63	100	1605	0x0000000000000004	23208	51412916	8388604	6479920
1789672632	337.12	63	100	1590	0x0000000000000004	23208	51418104	8388604	6479920
1789672634	338.69	62	100	1785	0x0000000000000004	23208	51418352	8388604	6479920
1789672636	339.75	62	100	1845	0x0000000000000004	23208	51411464	8388604	6479920
1789672638	336.44	62	100	1875	0x0000000000000004	23208	50909712	8388604	6430572
1789672640	335.91	63	100	1875	0x0000000000000004	23208	51284984	8388604	6479920
1789672642	337.00	62	100	1875	0x0000000000000004	23208	51318064	8388604	6479920
1789672644	337.76	62	100	1875	0x0000000000000004	23208	51319088	8388604	6479920
1789672646	336.34	63	100	1845	0x0000000000000004	23208	51297512	8388604	6479920
1789672648	334.91	63	100	1785	0x0000000000000004	23208	51303552	8388604	6479920
1789672650	342.12	63	100	1725	0x0000000000000004	23208	51309848	8388604	6479920
1789672652	338.96	64	100	1605	0x0000000000000004	23208	51325788	8388604	6479920
1789672654	335.91	63	100	1890	0x0000000000000004	23208	51194560	8388604	6479920
1789672656	332.07	63	100	1890	0x0000000000000004	23208	51225284	8388604	6479920
1789672658	336.63	63	100	1830	0x0000000000000004	23208	51227000	8388604	6479920
1789672660	339.25	64	100	1605	0x0000000000000004	23208	51199004	8388604	6479920
1789672662	333.16	64	100	1890	0x0000000000000004	23208	51216792	8388604	6479920
1789672664	332.86	63	100	1875	0x0000000000000004	23208	51205972	8388604	6479920
1789672666	342.04	63	100	1590	0x0000000000000004	23208	51224440	8388604	6479920
1789672668	333.42	64	100	1890	0x0000000000000004	23208	51246196	8388604	6479920
1789672671	339.63	63	100	1830	0x0000000000000004	23208	51242192	8388604	6479920
1789672673	331.98	64	100	1605	0x0000000000000004	23208	51253668	8388604	6479920
1789672675	334.96	63	100	1875	0x0000000000000004	23208	51236732	8388604	6479920
1789672677	341.76	65	100	1605	0x0000000000000004	23208	51253352	8388604	6479920
1789672679	336.94	63	100	1875	0x0000000000000004	23208	51263100	8388604	6479920
1789672681	335.98	64	100	1605	0x0000000000000004	23208	51266832	8388604	6479920
1789672683	333.08	64	100	1860	0x0000000000000004	23208	51259408	8388604	6479920
1789672685	337.49	64	100	1890	0x0000000000000004	23208	51241116	8388604	6479920
1789672687	341.26	64	100	1635	0x0000000000000004	23208	51251872	8388604	6479920
1789672689	334.94	63	100	1890	0x0000000000000004	23208	51233900	8388604	6479920
1789672691	336.46	64	100	1860	0x0000000000000004	23208	51224532	8388604	6479920
1789672693	339.99	65	100	1650	0x0000000000000004	23208	51250296	8388604	6479920
1789672695	332.72	64	100	1875	0x0000000000000004	23208	51197668	8388604	6479920
1789672697	336.89	64	100	1890	0x0000000000000004	23208	51187544	8388604	6479920
1789672699	340.15	65	100	1605	0x0000000000000004	23208	51195016	8388604	6479920
1789672701	336.61	65	100	1755	0x0000000000000004	23208	50931560	8388604	6479920
1789672703	333.89	64	100	1875	0x0000000000000004	23208	50735100	8388604	6023556
1789672705	334.04	64	100	1890	0x0000000000000004	23208	51138940	8388604	6479920
1789672707	336.25	64	100	1890	0x0000000000000004	23208	51168480	8388604	6479920
1789672709	343.07	64	100	1740	0x0000000000000004	23208	51189148	8388604	6479920
1789672711	341.58	65	100	1575	0x0000000000000004	23208	51191188	8388604	6479920
1789672713	342.86	64	100	1605	0x0000000000000004	23208	51207036	8388604	6479920
1789672715	344.21	64	100	1725	0x0000000000000004	23208	51202364	8388604	6479920
1789672717	343.09	64	100	1770	0x0000000000000004	23208	51215028	8388604	6479920
1789672719	333.93	64	100	1800	0x0000000000000004	23208	51239776	8388604	6479920
1789672721	335.04	63	100	1800	0x0000000000000004	23208	51224816	8388604	6479920
1789672723	336.88	63	100	1800	0x0000000000000004	23208	51236560	8388604	6479920
1789672725	345.59	65	100	1740	0x0000000000000004	23208	51280208	8388604	6479920
1789672727	335.55	65	100	1665	0x0000000000000004	23208	51269132	8388604	6479920
1789672729	339.98	63	100	1665	0x0000000000000004	23208	51240420	8388604	6479920
1789672731	343.72	65	100	1605	0x0000000000000004	23208	51221908	8388604	6479920
1789672733	339.02	64	100	1605	0x0000000000000004	23208	51221924	8388604	6479920
1789672735	335.81	64	100	1890	0x0000000000000004	23208	51031416	8388604	6479920
1789672737	337.68	63	100	1875	0x0000000000000004	23208	51042968	8388604	6479920
1789672739	333.39	64	100	1875	0x0000000000000004	23208	51044392	8388604	6479920
1789672741	339.53	64	100	1725	0x0000000000000004	23208	51081100	8388604	6479920
1789672743	338.63	65	100	1575	0x0000000000000004	23208	51074552	8388604	6479920
1789672745	339.68	64	100	1875	0x0000000000000004	23208	51070164	8388604	6479920
1789672747	338.83	64	100	1890	0x0000000000000004	23208	51049148	8388604	6479920
1789672749	335.92	63	100	1830	0x0000000000000004	23208	51076896	8388604	6479920
1789672751	338.68	65	97	1605	0x0000000000000004	23208	51097016	8388604	6479920
1789672753	339.21	64	100	1890	0x0000000000000004	23208	51114768	8388604	6479920
1789672755	340.58	63	100	1875	0x0000000000000004	23208	51090608	8388604	6479920
1789672757	337.69	65	100	1605	0x0000000000000004	23208	51107420	8388604	6479920
1789672759	340.55	65	100	1890	0x0000000000000004	23208	51098492	8388604	6479920
1789672762	336.61	63	100	1860	0x0000000000000004	23208	51103300	8388604	6479920
1789672764	338.23	65	100	1605	0x0000000000000004	23208	51093264	8388604	6479920
1789672766	339.26	65	100	1890	0x0000000000000004	23208	50621480	8388604	6215596
1789672768	339.14	64	100	1725	0x0000000000000004	23208	51022108	8388604	6479920
1789672770	337.50	65	100	1890	0x0000000000000004	23208	51018596	8388604	6479920
1789672772	339.70	64	100	1845	0x0000000000000004	23208	51061436	8388604	6479920
1789672774	339.15	64	100	1890	0x0000000000000004	23208	51086716	8388604	6479920
1789672776	340.01	64	100	1890	0x0000000000000004	23208	51077900	8388604	6479920
1789672778	339.49	65	100	1605	0x0000000000000004	23208	51080648	8388604	6479920
1789672780	340.11	63	100	1890	0x0000000000000004	23208	51101932	8388604	6479920
1789672782	338.51	65	100	1905	0x0000000000000004	23208	51095992	8388604	6479920
1789672784	339.91	63	100	1845	0x0000000000000004	23208	51111924	8388604	6479920
1789672786	338.12	65	100	1875	0x0000000000000004	23208	51121908	8388604	6479920
1789672788	339.48	64	100	1740	0x0000000000000004	23208	51127272	8388604	6479920
1789672790	338.37	64	100	1890	0x0000000000000004	23208	51092652	8388604	6479920
1789672792	338.21	65	100	1575	0x0000000000000004	23208	51078360	8388604	6479920
1789672794	339.40	64	100	1890	0x0000000000000004	23208	51099236	8388604	6479920
1789672796	340.31	65	100	1875	0x0000000000000004	23208	51066728	8388604	6479920
1789672798	336.59	65	100	1620	0x0000000000000004	23208	51060868	8388604	6479920
1789672800	340.99	64	100	1890	0x0000000000000004	23208	51068972	8388604	6479920
1789672802	335.35	65	100	1875	0x0000000000000004	23208	51105884	8388604	6479920
1789672804	340.18	65	100	1590	0x0000000000000004	23208	51111252	8388604	6479920
1789672806	341.23	64	100	1875	0x0000000000000004	23208	51126452	8388604	6479920
1789672808	336.58	65	100	1890	0x0000000000000004	23208	51103736	8388604	6479920
1789672810	339.27	65	100	1590	0x0000000000000004	23208	51108364	8388604	6479920
1789672812	342.07	64	100	1800	0x0000000000000004	23208	51141260	8388604	6479920
1789672814	340.17	64	100	1875	0x0000000000000004	23208	51132748	8388604	6479920
1789672816	339.22	65	100	1890	0x0000000000000004	23208	51120520	8388604	6479920
1789672818	341.17	65	100	1605	0x0000000000000004	23208	51108744	8388604	6479920
1789672820	346.21	64	100	1635	0x0000000000000004	23208	51110160	8388604	6479920
1789672822	340.93	64	100	1875	0x0000000000000004	23208	51102768	8388604	6479920
1789672824	339.79	64	100	1890	0x0000000000000004	23208	51109280	8388604	6479920
1789672826	336.56	64	100	1875	0x0000000000000004	23208	51131504	8388604	6479920
1789672828	335.74	65	100	1905	0x0000000000000004	23208	50749684	8388604	6479920
1789672830	336.61	66	100	1605	0x0000000000000004	23208	50358292	8388604	6043000
1789672832	340.05	66	100	1590	0x0000000000000004	23208	50868280	8388604	6479920
1789672834	343.86	65	100	1695	0x0000000000000004	23208	50845908	8388604	6479920
1789672836	341.68	65	100	1830	0x0000000000000004	23208	50845784	8388604	6479920
1789672838	340.01	64	100	1875	0x0000000000000004	23208	50845164	8388604	6479920
1789672840	339.93	64	100	1875	0x0000000000000004	23208	50868744	8388604	6479920
1789672842	341.11	64	100	1890	0x0000000000000004	23208	50875196	8388604	6479920
1789672844	340.21	64	100	1890	0x0000000000000004	23208	50900048	8388604	6479920
1789672846	341.19	65	100	1890	0x0000000000000004	23208	50870324	8388604	6479920
1789672848	339.58	65	100	1890	0x0000000000000004	23208	50903072	8388604	6479920
1789672850	337.50	65	100	1890	0x0000000000000004	23208	50917832	8388604	6479920
1789672852	340.81	65	100	1890	0x0000000000000004	23208	50916408	8388604	6479920
1789672855	334.66	64	100	1875	0x0000000000000004	23208	50896700	8388604	6479920
1789672857	337.30	65	100	1890	0x0000000000000004	23208	50885000	8388604	6479920
1789672859	339.61	65	100	1890	0x0000000000000004	23208	50902212	8388604	6479920
1789672861	339.02	64	100	1890	0x0000000000000004	23208	50891496	8388604	6479920
1789672863	338.49	64	100	1890	0x0000000000000004	23208	50947140	8388604	6479920
1789672865	339.05	64	100	1890	0x0000000000000004	23208	50888708	8388604	6479920
1789672867	339.12	64	100	1890	0x0000000000000004	23208	50938696	8388604	6479920
1789672869	341.26	63	100	1875	0x0000000000000004	23208	50943568	8388604	6479920
1789672871	346.49	64	100	1800	0x0000000000000004	23208	50930968	8388604	6479920
1789672873	344.66	65	100	1635	0x0000000000000004	23208	50958464	8388604	6479920
1789672875	346.63	65	98	1605	0x0000000000000004	23208	50929876	8388604	6479920
1789672877	339.48	65	100	1905	0x0000000000000004	23208	50944144	8388604	6479920
1789672879	336.56	65	100	1890	0x0000000000000004	23208	50914188	8388604	6479920
1789672881	335.34	64	100	1890	0x0000000000000004	23208	50912928	8388604	6479920
1789672883	340.06	64	100	1890	0x0000000000000004	23208	50939020	8388604	6479920
1789672885	341.71	63	100	1860	0x0000000000000004	23208	50926220	8388604	6479920
1789672887	346.77	65	100	1605	0x0000000000000004	23208	50922004	8388604	6479920
1789672889	339.87	65	100	1620	0x0000000000000004	23208	50919152	8388604	6479920
1789672891	338.37	65	100	1890	0x0000000000000004	23208	50933452	8388604	6479920
1789672893	339.48	64	100	1875	0x0000000000000004	23208	50433700	8388604	6326856
1789672895	340.59	63	100	1845	0x0000000000000004	23208	50757260	8388604	6479920
1789672897	343.96	66	100	1605	0x0000000000000004	23208	50793976	8388604	6479920
1789672899	340.67	65	100	1890	0x0000000000000004	23208	50831832	8388604	6479920
1789672901	337.13	65	100	1890	0x0000000000000004	23208	50878836	8388604	6479920
1789672903	340.87	64	100	1875	0x0000000000000004	23208	50893284	8388604	6479920
1789672905	343.45	66	100	1590	0x0000000000000004	23208	50892188	8388604	6479920
1789672907	334.92	64	100	1875	0x0000000000000004	23208	50876944	8388604	6479920
1789672909	339.41	64	100	1890	0x0000000000000004	23208	50909160	8388604	6479920
1789672911	345.42	64	100	1680	0x0000000000000004	23208	50915580	8388604	6479920
1789672913	341.25	65	100	1890	0x0000000000000004	23208	50937184	8388604	6479920
1789672915	340.38	64	100	1890	0x0000000000000004	23208	50959376	8388604	6479920
1789672917	340.39	65	100	1755	0x0000000000000004	23208	50929640	8388604	6479920
1789672919	342.68	64	100	1905	0x0000000000000004	23208	50922980	8388604	6479920
1789672921	335.93	64	100	1890	0x0000000000000004	23208	50928976	8388604	6479920
1789672923	346.97	64	100	1740	0x0000000000000004	23208	50952424	8388604	6479920
1789672925	335.53	65	100	1890	0x0000000000000004	23208	50925380	8388604	6479928
1789672927	338.01	63	100	1875	0x0000000000000004	23208	50926016	8388604	6479928
1789672929	346.80	65	100	1605	0x0000000000000004	23208	50929788	8388604	6479928
1789672931	336.88	65	100	1890	0x0000000000000004	23208	50943576	8388604	6479928
1789672933	345.45	64	100	1800	0x0000000000000004	23208	50958044	8388604	6479928
1789672935	342.52	65	100	1890	0x0000000000000004	23208	50959280	8388604	6479928
1789672937	339.12	64	100	1890	0x0000000000000004	23208	50769044	8388604	6479928
1789672939	341.44	65	100	1890	0x0000000000000004	23208	50762796	8388604	6479928
1789672941	340.03	64	100	1875	0x0000000000000004	23208	50768464	8388604	6479928
1789672943	342.90	65	100	1590	0x0000000000000004	23208	50749772	8388604	6479928
1789672945	336.48	64	100	1890	0x0000000000000004	23208	50747812	8388604	6479928
1789672947	346.30	64	100	1605	0x0000000000000004	23208	50769880	8388604	6479928
1789672950	336.26	65	100	1890	0x0000000000000004	23208	50795916	8388604	6479928
1789672952	344.02	65	100	1590	0x0000000000000004	23208	50782484	8388604	6479928
1789672954	342.42	65	100	1890	0x0000000000000004	23208	50795996	8388604	6479928
1789672956	345.12	64	100	1695	0x0000000000000004	23208	50352720	8388604	6479928
1789672958	338.26	65	100	1890	0x0000000000000004	23208	50235624	8388604	5955712
1789672960	346.44	65	100	1620	0x0000000000000004	23208	50714796	8388604	6479928
1789672962	336.70	64	100	1890	0x0000000000000004	23208	50726108	8388604	6479928
1789672964	346.64	65	100	1590	0x0000000000000004	23208	50757868	8388604	6479928
1789672966	336.79	65	100	1890	0x0000000000000004	23208	50763288	8388604	6479928
1789672968	342.24	66	100	1605	0x0000000000000004	23208	50756112	8388604	6479928
1789672970	340.04	64	100	1890	0x0000000000000004	23208	50757464	8388604	6479932
1789672972	341.77	65	100	1890	0x0000000000000004	23208	50788732	8388604	6479932
1789672974	340.81	64	100	1860	0x0000000000000004	23208	50775448	8388604	6479932
1789672976	341.55	65	100	1890	0x0000000000000004	23208	50801948	8388604	6479932
1789672978	346.66	65	100	1590	0x0000000000000004	23208	50797764	8388604	6479932
1789672980	335.49	64	100	1890	0x0000000000000004	23208	50758460	8388604	6479932
1789672982	344.09	65	100	1905	0x0000000000000004	23208	50734560	8388604	6479932
1789672984	341.49	63	100	1845	0x0000000000000004	23208	50752276	8388604	6479932
1789672986	341.20	65	100	1890	0x0000000000000004	23208	50765816	8388604	6479932
1789672988	343.46	65	100	1590	0x0000000000000004	23208	50774252	8388604	6479932
1789672990	336.02	63	100	1890	0x0000000000000004	23208	50769032	8388604	6479932
1789672992	342.74	65	100	1890	0x0000000000000004	23208	50773472	8388604	6479932
1789672994	346.24	65	100	1590	0x0000000000000004	23208	50831524	8388604	6479932
1789672996	336.28	64	100	1890	0x0000000000000004	23208	50847740	8388604	6479932
1789672998	341.69	64	100	1875	0x0000000000000004	23208	50804708	8388604	6479932
1789673000	346.00	65	100	1590	0x0000000000000004	23208	50803960	8388604	6479932
1789673002	336.47	64	100	1890	0x0000000000000004	23208	50788616	8388604	6479932
1789673004	343.04	65	100	1890	0x0000000000000004	23208	50750276	8388604	6479932
1789673006	343.39	64	100	1605	0x0000000000000004	23208	50770232	8388604	6479932
1789673008	335.29	63	100	1875	0x0000000000000004	23208	50777348	8388604	6479932
1789673010	340.77	65	100	1890	0x0000000000000004	23208	50740876	8388604	6479932
1789673012	343.37	65	100	1890	0x0000000000000004	23208	50768964	8388604	6479932
1789673014	345.73	65	100	1620	0x0000000000000004	23208	50783092	8388604	6479932
1789673016	338.09	63	100	1890	0x0000000000000004	23208	50790004	8388604	6479932
1789673018	341.58	64	100	1890	0x0000000000000004	23208	50629792	8388604	6479932
1789673020	342.91	65	100	1890	0x0000000000000004	23208	50296864	8388604	6355792
1789673022	346.34	64	100	1665	0x0000000000000004	23208	50252308	8388604	6115972
1789673024	339.00	64	100	1890	0x0000000000000004	23208	50765728	8388604	6479932
1789673026	342.95	64	100	1890	0x0000000000000004	23208	50754940	8388604	6479932
1789673028	343.33	65	100	1890	0x0000000000000004	23208	50750628	8388604	6479932
1789673030	344.83	65	100	1590	0x0000000000000004	23208	50762488	8388604	6479932
1789673032	344.19	64	100	1815	0x0000000000000004	23208	50768888	8388604	6479932
1789673034	335.92	63	100	1875	0x0000000000000004	23208	50795204	8388604	6479932
1789673036	342.76	64	100	1890	0x0000000000000004	23208	50774512	8388604	6479932
1789673038	342.71	65	100	1890	0x0000000000000004	23208	50776852	8388604	6479932
1789673040	337.85	65	100	1800	0x0000000000000004	23208	50573332	8388604	6479932
1789673043	344.86	65	100	1575	0x0000000000000004	23208	50560372	8388604	6479932
1789673045	336.15	64	100	1845	0x0000000000000004	23208	50564604	8388604	6479932
1789673047	336.91	64	100	1890	0x0000000000000004	23208	50569072	8388604	6479932
1789673049	340.73	65	100	1890	0x0000000000000004	23208	50454280	8388604	6479932
1789673051	339.32	64	100	1890	0x0000000000000004	23208	50468304	8388604	6479932
1789673053	346.32	63	100	1845	0x0000000000000004	23208	50461008	8388604	6479932
1789673055	266.98	60	0	1950	0x0000000000000004	23212	50167432	8388604	6479932
1789673057	343.41	63	100	1755	0x0000000000000004	23212	50074824	8388604	6479932
1789673059	298.54	63	100	1950	0x0000000000000004	23216	50045392	8388604	6479932
1789673061	280.98	62	100	1950	0x0000000000000000	23218	50046964	8388604	6479932
1789673063	346.67	63	100	1815	0x0000000000000004	23302	49940140	8388604	6479932
1789673065	155.50	59	0	1950	0x0000000000000000	23302	50397140	8388604	6479932
1789673067	136.21	57	0	1695	0x0000000000000000	23302	50451476	8388604	6479932
1789673069	118.76	56	0	1695	0x0000000000000000	23302	50472388	8388604	6479932
1789673071	118.18	55	0	1695	0x0000000000000000	23302	50491568	8388604	6479932
1789673073	117.87	55	0	1695	0x0000000000000000	23302	50513856	8388604	6479932
1789673075	117.39	54	0	1695	0x0000000000000000	23302	50525436	8388604	6479932
1789673077	117.23	54	0	1695	0x0000000000000000	23302	50543288	8388604	6479932
1789673079	116.94	53	0	1695	0x0000000000000000	23302	50533528	8388604	6479932
1789673081	116.75	53	0	345	0x0000000000000000	23302	50550092	8388604	6479932
1789673083	27.70	50	0	210	0x0000000000000001	23302	50544684	8388604	6479932
1789673085	31.81	50	0	210	0x0000000000000001	23302	50080780	8388604	6479932
1789673087	22.14	49	0	210	0x0000000000000001	23302	49974080	8388604	6130224
1789673089	21.90	48	0	210	0x0000000000000001	23302	50485804	8388604	6479932
1789673091	26.02	48	0	210	0x0000000000000001	23302	50483736	8388604	6479932
1789673093	22.66	48	0	210	0x0000000000000001	23302	50505508	8388604	6479932
1789673095	21.41	47	0	210	0x0000000000000001	23302	50510060	8388604	6479932
1789673097	21.49	47	0	210	0x0000000000000001	23302	50538044	8388604	6479932
1789673099	121.15	55	95	1935	0x0000000000000004	23304	49954808	8388604	6479932
1789673101	336.88	56	100	1905	0x0000000000000004	23344	49958188	8388604	6479932
1789673103	343.53	58	100	1605	0x0000000000000004	23344	49945676	8388604	6479932
1789673105	336.07	58	100	1905	0x0000000000000004	23344	49955836	8388604	6479932
1789673107	339.57	57	100	1875	0x0000000000000004	23344	49922140	8388604	6479932
1789673109	338.12	58	100	1905	0x0000000000000004	23344	49951168	8388604	6479932
1789673111	333.81	58	100	1905	0x0000000000000004	23344	49959036	8388604	6479932
1789673113	341.92	59	100	1620	0x0000000000000004	23344	49977128	8388604	6479932
1789673115	334.76	59	100	1905	0x0000000000000004	23344	49994120	8388604	6479932
1789673117	343.51	60	100	1590	0x0000000000000004	23344	50004872	8388604	6479932
1789673119	333.11	59	100	1905	0x0000000000000004	23344	50024996	8388604	6479932
1789673121	342.83	60	100	1605	0x0000000000000004	23344	50033428	8388604	6479932
1789673123	332.60	60	100	1905	0x0000000000000004	23344	50030288	8388604	6479932
1789673125	342.24	60	100	1590	0x0000000000000004	23344	50031636	8388604	6479932
1789673127	333.81	60	100	1905	0x0000000000000004	23344	50049700	8388604	6479932
1789673130	342.49	61	100	1605	0x0000000000000004	23344	50034048	8388604	6479932
1789673132	334.03	61	100	1890	0x0000000000000004	23344	50017920	8388604	6479932
1789673134	337.93	62	100	1665	0x0000000000000004	23344	50026664	8388604	6479932
1789673136	336.51	60	100	1890	0x0000000000000004	23344	50029772	8388604	6479932
1789673138	337.94	61	100	1890	0x0000000000000004	23344	50020644	8388604	6479932
1789673140	336.39	61	100	1815	0x0000000000000004	23344	50025648	8388604	6479932
1789673142	337.92	62	100	1890	0x0000000000000004	23344	50045860	8388604	6479932
1789673144	343.77	62	100	1605	0x0000000000000004	23344	50065140	8388604	6479932
1789673146	336.29	61	100	1890	0x0000000000000004	23344	50040472	8388604	6479932
1789673148	341.09	62	100	1890	0x0000000000000004	23344	50032280	8388604	6479932
1789673150	338.84	61	100	1830	0x0000000000000004	23344	49737476	8388604	6479932
1789673152	337.48	62	100	1890	0x0000000000000004	23344	49482228	8388604	6045488
1789673154	341.81	63	100	1620	0x0000000000000004	23344	49862020	8388604	6479932
1789673156	341.35	61	100	1875	0x0000000000000004	23344	49895352	8388604	6479932
1789673158	341.64	63	100	1890	0x0000000000000004	23344	49937748	8388604	6479932
1789673160	344.87	63	100	1590	0x0000000000000004	23344	50008932	8388604	6479932
1789673162	339.00	62	100	1890	0x0000000000000004	23344	50001968	8388604	6479932
1789673164	339.16	63	100	1890	0x0000000000000004	23344	50013132	8388604	6479936
1789673166	344.65	63	100	1590	0x0000000000000004	23344	49964496	8388604	6479936
1789673168	337.47	63	100	1875	0x0000000000000004	23344	49975844	8388604	6479936
1789673170	339.53	63	100	1890	0x0000000000000004	23344	49990036	8388604	6479936
1789673172	342.56	64	100	1905	0x0000000000000004	23344	49991200	8388604	6479936
1789673174	341.49	64	100	1725	0x0000000000000004	23344	50010392	8388604	6479936
1789673176	336.40	63	100	1890	0x0000000000000004	23344	50008940	8388604	6479936
1789673178	342.62	64	100	1890	0x0000000000000004	23344	50027956	8388604	6479936
1789673180	340.86	64	100	1590	0x0000000000000004	23344	50007576	8388604	6479936
1789673182	345.89	63	100	1830	0x0000000000000004	23344	50034288	8388604	6479936
1789673184	339.76	63	100	1890	0x0000000000000004	23344	50026444	8388604	6479936
1789673186	342.36	64	100	1890	0x0000000000000004	23344	50026092	8388604	6479936
1789673188	341.29	64	100	1680	0x0000000000000004	23344	50045476	8388604	6479936
1789673190	345.81	64	100	1725	0x0000000000000004	23344	50048028	8388604	6479936
1789673192	338.56	63	100	1890	0x0000000000000004	23344	50033016	8388604	6479936
1789673194	342.48	64	100	1890	0x0000000000000004	23344	50021800	8388604	6479936
1789673196	342.64	64	100	1890	0x0000000000000004	23344	50020520	8388604	6479936
1789673198	342.76	65	100	1875	0x0000000000000004	23344	50009656	8388604	6479936
1789673200	344.94	64	100	1770	0x0000000000000004	23344	50011452	8388604	6479936
1789673202	332.82	63	100	1875	0x0000000000000004	23344	49851012	8388604	6479936
1789673204	339.18	64	100	1890	0x0000000000000004	23344	49846352	8388604	6479936
1789673206	342.81	64	100	1890	0x0000000000000004	23344	49845620	8388604	6479936
1789673208	342.28	65	100	1890	0x0000000000000004	23344	49852888	8388604	6479936
1789673210	342.22	65	100	1605	0x0000000000000004	23344	49692120	8388604	6479936
1789673212	341.15	65	100	1890	0x0000000000000004	23344	49693988	8388604	6479936
1789673214	340.32	64	100	1890	0x0000000000000004	23404	49205488	8388604	6264000
1789673216	347.18	64	100	1770	0x0000000000000004	23404	49635320	8388604	6479936
1789673218	345.71	64	99	1800	0x0000000000000004	23404	49492972	8388604	6479936
1789673220	348.97	64	99	1800	0x0000000000000004	23404	49345236	8388604	6479936
1789673223	167.27	60	0	1950	0x0000000000000000	23404	50297156	8388604	6479936
1789673225	139.44	58	0	1695	0x0000000000000000	23404	50311604	8388604	6479936
1789673227	119.79	57	0	1695	0x0000000000000000	23404	50335640	8388604	6479936
1789673229	119.27	56	0	1695	0x0000000000000000	23404	50336612	8388604	6479936
1789673231	118.51	56	0	1695	0x0000000000000000	23404	50398708	8388604	6479936
1789673233	117.98	55	0	1695	0x0000000000000000	23404	50457060	8388604	6479936
